msa.fips,metro.name,county.fips,county.name
33860,"Montgomery, AL (Metropolitan Statistical Area)",01001,"Autauga, AL"
19300,"Daphne-Fairhope-Foley, AL (Metropolitan Statistical Area)",01003,"Baldwin, AL"
13820,"Birmingham-Hoover, AL (Metropolitan Statistical Area)",01007,"Bibb, AL"
13820,"Birmingham-Hoover, AL (Metropolitan Statistical Area)",01009,"Blount, AL"
11500,"Anniston-Oxford-Jacksonville, AL (Metropolitan Statistical Area)",01015,"Calhoun, AL"
13820,"Birmingham-Hoover, AL (Metropolitan Statistical Area)",01021,"Chilton, AL"
22520,"Florence-Muscle Shoals, AL (Metropolitan Statistical Area)",01033,"Colbert, AL"
33860,"Montgomery, AL (Metropolitan Statistical Area)",01051,"Elmore, AL"
23460,"Gadsden, AL (Metropolitan Statistical Area)",01055,"Etowah, AL"
20020,"Dothan, AL (Metropolitan Statistical Area)",01061,"Geneva, AL"
46220,"Tuscaloosa, AL (Metropolitan Statistical Area)",01065,"Hale, AL"
20020,"Dothan, AL (Metropolitan Statistical Area)",01067,"Henry, AL"
20020,"Dothan, AL (Metropolitan Statistical Area)",01069,"Houston, AL"
13820,"Birmingham-Hoover, AL (Metropolitan Statistical Area)",01073,"Jefferson, AL"
22520,"Florence-Muscle Shoals, AL (Metropolitan Statistical Area)",01077,"Lauderdale, AL"
19460,"Decatur, AL (Metropolitan Statistical Area)",01079,"Lawrence, AL"
12220,"Auburn-Opelika, AL (Metropolitan Statistical Area)",01081,"Lee, AL"
26620,"Huntsville, AL (Metropolitan Statistical Area)",01083,"Limestone, AL"
33860,"Montgomery, AL (Metropolitan Statistical Area)",01085,"Lowndes, AL"
26620,"Huntsville, AL (Metropolitan Statistical Area)",01089,"Madison, AL"
33660,"Mobile, AL (Metropolitan Statistical Area)",01097,"Mobile, AL"
33860,"Montgomery, AL (Metropolitan Statistical Area)",01101,"Montgomery, AL"
19460,"Decatur, AL (Metropolitan Statistical Area)",01103,"Morgan, AL"
46220,"Tuscaloosa, AL (Metropolitan Statistical Area)",01107,"Pickens, AL"
17980,"Columbus, GA-AL (Metropolitan Statistical Area)",01113,"Russell, AL"
13820,"Birmingham-Hoover, AL (Metropolitan Statistical Area)",01115,"St. Clair, AL"
13820,"Birmingham-Hoover, AL (Metropolitan Statistical Area)",01117,"Shelby, AL"
46220,"Tuscaloosa, AL (Metropolitan Statistical Area)",01125,"Tuscaloosa, AL"
13820,"Birmingham-Hoover, AL (Metropolitan Statistical Area)",01127,"Walker, AL"
11260,"Anchorage, AK (Metropolitan Statistical Area)",02020,"Anchorage Municipality, AK"
21820,"Fairbanks, AK (Metropolitan Statistical Area)",02090,"Fairbanks North Star Borough, AK"
11260,"Anchorage, AK (Metropolitan Statistical Area)",02170,"Matanuska-Susitna Borough, AK"
43420,"Sierra Vista-Douglas, AZ (Metropolitan Statistical Area)",04003,"Cochise, AZ"
22380,"Flagstaff, AZ (Metropolitan Statistical Area)",04005,"Coconino, AZ"
38060,"Phoenix-Mesa-Scottsdale, AZ (Metropolitan Statistical Area)",04013,"Maricopa, AZ"
29420,"Lake Havasu City-Kingman, AZ (Metropolitan Statistical Area)",04015,"Mohave, AZ"
46060,"Tucson, AZ (Metropolitan Statistical Area)",04019,"Pima, AZ"
38060,"Phoenix-Mesa-Scottsdale, AZ (Metropolitan Statistical Area)",04021,"Pinal, AZ"
39140,"Prescott, AZ (Metropolitan Statistical Area)",04025,"Yavapai, AZ"
49740,"Yuma, AZ (Metropolitan Statistical Area)",04027,"Yuma, AZ"
22220,"Fayetteville-Springdale-Rogers, AR-MO (Metropolitan Statistical Area)",05007,"Benton, AR"
38220,"Pine Bluff, AR (Metropolitan Statistical Area)",05025,"Cleveland, AR"
27860,"Jonesboro, AR (Metropolitan Statistical Area)",05031,"Craighead, AR"
22900,"Fort Smith, AR-OK (Metropolitan Statistical Area)",05033,"Crawford, AR"
32820,"Memphis, TN-MS-AR (Metropolitan Statistical Area)",05035,"Crittenden, AR"
30780,"Little Rock-North Little Rock-Conway, AR (Metropolitan Statistical Area)",05045,"Faulkner, AR"
26300,"Hot Springs, AR (Metropolitan Statistical Area)",05051,"Garland, AR"
30780,"Little Rock-North Little Rock-Conway, AR (Metropolitan Statistical Area)",05053,"Grant, AR"
38220,"Pine Bluff, AR (Metropolitan Statistical Area)",05069,"Jefferson, AR"
38220,"Pine Bluff, AR (Metropolitan Statistical Area)",05079,"Lincoln, AR"
45500,"Texarkana, TX-AR (Metropolitan Statistical Area)",05081,"Little River, AR"
30780,"Little Rock-North Little Rock-Conway, AR (Metropolitan Statistical Area)",05085,"Lonoke, AR"
22220,"Fayetteville-Springdale-Rogers, AR-MO (Metropolitan Statistical Area)",05087,"Madison, AR"
45500,"Texarkana, TX-AR (Metropolitan Statistical Area)",05091,"Miller, AR"
30780,"Little Rock-North Little Rock-Conway, AR (Metropolitan Statistical Area)",05105,"Perry, AR"
27860,"Jonesboro, AR (Metropolitan Statistical Area)",05111,"Poinsett, AR"
30780,"Little Rock-North Little Rock-Conway, AR (Metropolitan Statistical Area)",05119,"Pulaski, AR"
30780,"Little Rock-North Little Rock-Conway, AR (Metropolitan Statistical Area)",05125,"Saline, AR"
22900,"Fort Smith, AR-OK (Metropolitan Statistical Area)",05131,"Sebastian, AR"
22220,"Fayetteville-Springdale-Rogers, AR-MO (Metropolitan Statistical Area)",05143,"Washington, AR"
41860,"San Francisco-Oakland-Hayward, CA (Metropolitan Statistical Area)",06001,"Alameda, CA"
17020,"Chico, CA (Metropolitan Statistical Area)",06007,"Butte, CA"
41860,"San Francisco-Oakland-Hayward, CA (Metropolitan Statistical Area)",06013,"Contra Costa, CA"
40900,"Sacramento--Roseville--Arden-Arcade, CA (Metropolitan Statistical Area)",06017,"El Dorado, CA"
23420,"Fresno, CA (Metropolitan Statistical Area)",06019,"Fresno, CA"
20940,"El Centro, CA (Metropolitan Statistical Area)",06025,"Imperial, CA"
12540,"Bakersfield, CA (Metropolitan Statistical Area)",06029,"Kern, CA"
25260,"Hanford-Corcoran, CA (Metropolitan Statistical Area)",06031,"Kings, CA"
31080,"Los Angeles-Long Beach-Anaheim, CA (Metropolitan Statistical Area)",06037,"Los Angeles, CA"
31460,"Madera, CA (Metropolitan Statistical Area)",06039,"Madera, CA"
41860,"San Francisco-Oakland-Hayward, CA (Metropolitan Statistical Area)",06041,"Marin, CA"
32900,"Merced, CA (Metropolitan Statistical Area)",06047,"Merced, CA"
41500,"Salinas, CA (Metropolitan Statistical Area)",06053,"Monterey, CA"
34900,"Napa, CA (Metropolitan Statistical Area)",06055,"Napa, CA"
31080,"Los Angeles-Long Beach-Anaheim, CA (Metropolitan Statistical Area)",06059,"Orange, CA"
40900,"Sacramento--Roseville--Arden-Arcade, CA (Metropolitan Statistical Area)",06061,"Placer, CA"
40140,"Riverside-San Bernardino-Ontario, CA (Metropolitan Statistical Area)",06065,"Riverside, CA"
40900,"Sacramento--Roseville--Arden-Arcade, CA (Metropolitan Statistical Area)",06067,"Sacramento, CA"
41940,"San Jose-Sunnyvale-Santa Clara, CA (Metropolitan Statistical Area)",06069,"San Benito, CA"
40140,"Riverside-San Bernardino-Ontario, CA (Metropolitan Statistical Area)",06071,"San Bernardino, CA"
41740,"San Diego-Carlsbad, CA (Metropolitan Statistical Area)",06073,"San Diego, CA"
41860,"San Francisco-Oakland-Hayward, CA (Metropolitan Statistical Area)",06075,"San Francisco, CA"
44700,"Stockton-Lodi, CA (Metropolitan Statistical Area)",06077,"San Joaquin, CA"
42020,"San Luis Obispo-Paso Robles-Arroyo Grande, CA (Metropolitan Statistical Area)",06079,"San Luis Obispo, CA"
41860,"San Francisco-Oakland-Hayward, CA (Metropolitan Statistical Area)",06081,"San Mateo, CA"
42200,"Santa Maria-Santa Barbara, CA (Metropolitan Statistical Area)",06083,"Santa Barbara, CA"
41940,"San Jose-Sunnyvale-Santa Clara, CA (Metropolitan Statistical Area)",06085,"Santa Clara, CA"
42100,"Santa Cruz-Watsonville, CA (Metropolitan Statistical Area)",06087,"Santa Cruz, CA"
39820,"Redding, CA (Metropolitan Statistical Area)",06089,"Shasta, CA"
46700,"Vallejo-Fairfield, CA (Metropolitan Statistical Area)",06095,"Solano, CA"
42220,"Santa Rosa, CA (Metropolitan Statistical Area)",06097,"Sonoma, CA"
33700,"Modesto, CA (Metropolitan Statistical Area)",06099,"Stanislaus, CA"
49700,"Yuba City, CA (Metropolitan Statistical Area)",06101,"Sutter, CA"
47300,"Visalia-Porterville, CA (Metropolitan Statistical Area)",06107,"Tulare, CA"
37100,"Oxnard-Thousand Oaks-Ventura, CA (Metropolitan Statistical Area)",06111,"Ventura, CA"
40900,"Sacramento--Roseville--Arden-Arcade, CA (Metropolitan Statistical Area)",06113,"Yolo, CA"
49700,"Yuba City, CA (Metropolitan Statistical Area)",06115,"Yuba, CA"
19740,"Denver-Aurora-Lakewood, CO (Metropolitan Statistical Area)",08001,"Adams, CO"
19740,"Denver-Aurora-Lakewood, CO (Metropolitan Statistical Area)",08005,"Arapahoe, CO"
14500,"Boulder, CO (Metropolitan Statistical Area)",08013,"Boulder, CO"
19740,"Denver-Aurora-Lakewood, CO (Metropolitan Statistical Area)",08014,"Broomfield, CO"
19740,"Denver-Aurora-Lakewood, CO (Metropolitan Statistical Area)",08019,"Clear Creek, CO"
19740,"Denver-Aurora-Lakewood, CO (Metropolitan Statistical Area)",08031,"Denver, CO"
19740,"Denver-Aurora-Lakewood, CO (Metropolitan Statistical Area)",08035,"Douglas, CO"
19740,"Denver-Aurora-Lakewood, CO (Metropolitan Statistical Area)",08039,"Elbert, CO"
17820,"Colorado Springs, CO (Metropolitan Statistical Area)",08041,"El Paso, CO"
19740,"Denver-Aurora-Lakewood, CO (Metropolitan Statistical Area)",08047,"Gilpin, CO"
19740,"Denver-Aurora-Lakewood, CO (Metropolitan Statistical Area)",08059,"Jefferson, CO"
22660,"Fort Collins, CO (Metropolitan Statistical Area)",08069,"Larimer, CO"
24300,"Grand Junction, CO (Metropolitan Statistical Area)",08077,"Mesa, CO"
19740,"Denver-Aurora-Lakewood, CO (Metropolitan Statistical Area)",08093,"Park, CO"
39380,"Pueblo, CO (Metropolitan Statistical Area)",08101,"Pueblo, CO"
17820,"Colorado Springs, CO (Metropolitan Statistical Area)",08119,"Teller, CO"
24540,"Greeley, CO (Metropolitan Statistical Area)",08123,"Weld, CO"
14860,"Bridgeport-Stamford-Norwalk, CT (Metropolitan Statistical Area)",09001,"Fairfield, CT"
25540,"Hartford-West Hartford-East Hartford, CT (Metropolitan Statistical Area)",09003,"Hartford, CT"
25540,"Hartford-West Hartford-East Hartford, CT (Metropolitan Statistical Area)",09007,"Middlesex, CT"
35300,"New Haven-Milford, CT (Metropolitan Statistical Area)",09009,"New Haven, CT"
35980,"Norwich-New London, CT (Metropolitan Statistical Area)",09011,"New London, CT"
25540,"Hartford-West Hartford-East Hartford, CT (Metropolitan Statistical Area)",09013,"Tolland, CT"
49340,"Worcester, MA-CT (Metropolitan Statistical Area)",09015,"Windham, CT"
20100,"Dover, DE (Metropolitan Statistical Area)",10001,"Kent, DE"
37980,"Philadelphia-Camden-Wilmington, PA-NJ-DE-MD (Metropolitan Statistical Area)",10003,"New Castle, DE"
41540,"Salisbury, MD-DE (Metropolitan Statistical Area)",10005,"Sussex, DE"
47900,"Washington-Arlington-Alexandria, DC-VA-MD-WV (Metropolitan Statistical Area)",11001,"District of Columbia, DC"
23540,"Gainesville, FL (Metropolitan Statistical Area)",12001,"Alachua, FL"
27260,"Jacksonville, FL (Metropolitan Statistical Area)",12003,"Baker, FL"
37460,"Panama City, FL (Metropolitan Statistical Area)",12005,"Bay, FL"
37340,"Palm Bay-Melbourne-Titusville, FL (Metropolitan Statistical Area)",12009,"Brevard, FL"
33100,"Miami-Fort Lauderdale-West Palm Beach, FL (Metropolitan Statistical Area)",12011,"Broward, FL"
39460,"Punta Gorda, FL (Metropolitan Statistical Area)",12015,"Charlotte, FL"
26140,"Homosassa Springs, FL (Metropolitan Statistical Area)",12017,"Citrus, FL"
27260,"Jacksonville, FL (Metropolitan Statistical Area)",12019,"Clay, FL"
34940,"Naples-Immokalee-Marco Island, FL (Metropolitan Statistical Area)",12021,"Collier, FL"
27260,"Jacksonville, FL (Metropolitan Statistical Area)",12031,"Duval, FL"
37860,"Pensacola-Ferry Pass-Brent, FL (Metropolitan Statistical Area)",12033,"Escambia, FL"
19660,"Deltona-Daytona Beach-Ormond Beach, FL (Metropolitan Statistical Area)",12035,"Flagler, FL"
45220,"Tallahassee, FL (Metropolitan Statistical Area)",12039,"Gadsden, FL"
23540,"Gainesville, FL (Metropolitan Statistical Area)",12041,"Gilchrist, FL"
37460,"Panama City, FL (Metropolitan Statistical Area)",12045,"Gulf, FL"
45300,"Tampa-St. Petersburg-Clearwater, FL (Metropolitan Statistical Area)",12053,"Hernando, FL"
42700,"Sebring, FL (Metropolitan Statistical Area)",12055,"Highlands, FL"
45300,"Tampa-St. Petersburg-Clearwater, FL (Metropolitan Statistical Area)",12057,"Hillsborough, FL"
42680,"Sebastian-Vero Beach, FL (Metropolitan Statistical Area)",12061,"Indian River, FL"
45220,"Tallahassee, FL (Metropolitan Statistical Area)",12065,"Jefferson, FL"
36740,"Orlando-Kissimmee-Sanford, FL (Metropolitan Statistical Area)",12069,"Lake, FL"
15980,"Cape Coral-Fort Myers, FL (Metropolitan Statistical Area)",12071,"Lee, FL"
45220,"Tallahassee, FL (Metropolitan Statistical Area)",12073,"Leon, FL"
35840,"North Port-Sarasota-Bradenton, FL (Metropolitan Statistical Area)",12081,"Manatee, FL"
36100,"Ocala, FL (Metropolitan Statistical Area)",12083,"Marion, FL"
38940,"Port St. Lucie, FL (Metropolitan Statistical Area)",12085,"Martin, FL"
33100,"Miami-Fort Lauderdale-West Palm Beach, FL (Metropolitan Statistical Area)",12086,"Miami-Dade, FL"
27260,"Jacksonville, FL (Metropolitan Statistical Area)",12089,"Nassau, FL"
18880,"Crestview-Fort Walton Beach-Destin, FL (Metropolitan Statistical Area)",12091,"Okaloosa, FL"
36740,"Orlando-Kissimmee-Sanford, FL (Metropolitan Statistical Area)",12095,"Orange, FL"
36740,"Orlando-Kissimmee-Sanford, FL (Metropolitan Statistical Area)",12097,"Osceola, FL"
33100,"Miami-Fort Lauderdale-West Palm Beach, FL (Metropolitan Statistical Area)",12099,"Palm Beach, FL"
45300,"Tampa-St. Petersburg-Clearwater, FL (Metropolitan Statistical Area)",12101,"Pasco, FL"
45300,"Tampa-St. Petersburg-Clearwater, FL (Metropolitan Statistical Area)",12103,"Pinellas, FL"
29460,"Lakeland-Winter Haven, FL (Metropolitan Statistical Area)",12105,"Polk, FL"
27260,"Jacksonville, FL (Metropolitan Statistical Area)",12109,"St. Johns, FL"
38940,"Port St. Lucie, FL (Metropolitan Statistical Area)",12111,"St. Lucie, FL"
37860,"Pensacola-Ferry Pass-Brent, FL (Metropolitan Statistical Area)",12113,"Santa Rosa, FL"
35840,"North Port-Sarasota-Bradenton, FL (Metropolitan Statistical Area)",12115,"Sarasota, FL"
36740,"Orlando-Kissimmee-Sanford, FL (Metropolitan Statistical Area)",12117,"Seminole, FL"
45540,"The Villages, FL (Metropolitan Statistical Area)",12119,"Sumter, FL"
19660,"Deltona-Daytona Beach-Ormond Beach, FL (Metropolitan Statistical Area)",12127,"Volusia, FL"
45220,"Tallahassee, FL (Metropolitan Statistical Area)",12129,"Wakulla, FL"
18880,"Crestview-Fort Walton Beach-Destin, FL (Metropolitan Statistical Area)",12131,"Walton, FL"
10500,"Albany, GA (Metropolitan Statistical Area)",13007,"Baker, GA"
12060,"Atlanta-Sandy Springs-Roswell, GA (Metropolitan Statistical Area)",13013,"Barrow, GA"
12060,"Atlanta-Sandy Springs-Roswell, GA (Metropolitan Statistical Area)",13015,"Bartow, GA"
31420,"Macon, GA (Metropolitan Statistical Area)",13021,"Bibb, GA"
15260,"Brunswick, GA (Metropolitan Statistical Area)",13025,"Brantley, GA"
46660,"Valdosta, GA (Metropolitan Statistical Area)",13027,"Brooks, GA"
42340,"Savannah, GA (Metropolitan Statistical Area)",13029,"Bryan, GA"
12260,"Augusta-Richmond County, GA-SC (Metropolitan Statistical Area)",13033,"Burke, GA"
12060,"Atlanta-Sandy Springs-Roswell, GA (Metropolitan Statistical Area)",13035,"Butts, GA"
12060,"Atlanta-Sandy Springs-Roswell, GA (Metropolitan Statistical Area)",13045,"Carroll, GA"
16860,"Chattanooga, TN-GA (Metropolitan Statistical Area)",13047,"Catoosa, GA"
42340,"Savannah, GA (Metropolitan Statistical Area)",13051,"Chatham, GA"
17980,"Columbus, GA-AL (Metropolitan Statistical Area)",13053,"Chattahoochee, GA"
12060,"Atlanta-Sandy Springs-Roswell, GA (Metropolitan Statistical Area)",13057,"Cherokee, GA"
12020,"Athens-Clarke County, GA (Metropolitan Statistical Area)",13059,"Clarke, GA"
12060,"Atlanta-Sandy Springs-Roswell, GA (Metropolitan Statistical Area)",13063,"Clayton, GA"
12060,"Atlanta-Sandy Springs-Roswell, GA (Metropolitan Statistical Area)",13067,"Cobb, GA"
12260,"Augusta-Richmond County, GA-SC (Metropolitan Statistical Area)",13073,"Columbia, GA"
12060,"Atlanta-Sandy Springs-Roswell, GA (Metropolitan Statistical Area)",13077,"Coweta, GA"
31420,"Macon, GA (Metropolitan Statistical Area)",13079,"Crawford, GA"
16860,"Chattanooga, TN-GA (Metropolitan Statistical Area)",13083,"Dade, GA"
12060,"Atlanta-Sandy Springs-Roswell, GA (Metropolitan Statistical Area)",13085,"Dawson, GA"
12060,"Atlanta-Sandy Springs-Roswell, GA (Metropolitan Statistical Area)",13089,"DeKalb, GA"
10500,"Albany, GA (Metropolitan Statistical Area)",13095,"Dougherty, GA"
12060,"Atlanta-Sandy Springs-Roswell, GA (Metropolitan Statistical Area)",13097,"Douglas, GA"
46660,"Valdosta, GA (Metropolitan Statistical Area)",13101,"Echols, GA"
42340,"Savannah, GA (Metropolitan Statistical Area)",13103,"Effingham, GA"
12060,"Atlanta-Sandy Springs-Roswell, GA (Metropolitan Statistical Area)",13113,"Fayette, GA"
40660,"Rome, GA (Metropolitan Statistical Area)",13115,"Floyd, GA"
12060,"Atlanta-Sandy Springs-Roswell, GA (Metropolitan Statistical Area)",13117,"Forsyth, GA"
12060,"Atlanta-Sandy Springs-Roswell, GA (Metropolitan Statistical Area)",13121,"Fulton, GA"
15260,"Brunswick, GA (Metropolitan Statistical Area)",13127,"Glynn, GA"
12060,"Atlanta-Sandy Springs-Roswell, GA (Metropolitan Statistical Area)",13135,"Gwinnett, GA"
23580,"Gainesville, GA (Metropolitan Statistical Area)",13139,"Hall, GA"
12060,"Atlanta-Sandy Springs-Roswell, GA (Metropolitan Statistical Area)",13143,"Haralson, GA"
17980,"Columbus, GA-AL (Metropolitan Statistical Area)",13145,"Harris, GA"
12060,"Atlanta-Sandy Springs-Roswell, GA (Metropolitan Statistical Area)",13149,"Heard, GA"
12060,"Atlanta-Sandy Springs-Roswell, GA (Metropolitan Statistical Area)",13151,"Henry, GA"
47580,"Warner Robins, GA (Metropolitan Statistical Area)",13153,"Houston, GA"
12060,"Atlanta-Sandy Springs-Roswell, GA (Metropolitan Statistical Area)",13159,"Jasper, GA"
31420,"Macon, GA (Metropolitan Statistical Area)",13169,"Jones, GA"
12060,"Atlanta-Sandy Springs-Roswell, GA (Metropolitan Statistical Area)",13171,"Lamar, GA"
46660,"Valdosta, GA (Metropolitan Statistical Area)",13173,"Lanier, GA"
10500,"Albany, GA (Metropolitan Statistical Area)",13177,"Lee, GA"
25980,"Hinesville, GA (Metropolitan Statistical Area)",13179,"Liberty, GA"
12260,"Augusta-Richmond County, GA-SC (Metropolitan Statistical Area)",13181,"Lincoln, GA"
25980,"Hinesville, GA (Metropolitan Statistical Area)",13183,"Long, GA"
46660,"Valdosta, GA (Metropolitan Statistical Area)",13185,"Lowndes, GA"
12260,"Augusta-Richmond County, GA-SC (Metropolitan Statistical Area)",13189,"McDuffie, GA"
15260,"Brunswick, GA (Metropolitan Statistical Area)",13191,"McIntosh, GA"
12020,"Athens-Clarke County, GA (Metropolitan Statistical Area)",13195,"Madison, GA"
17980,"Columbus, GA-AL (Metropolitan Statistical Area)",13197,"Marion, GA"
12060,"Atlanta-Sandy Springs-Roswell, GA (Metropolitan Statistical Area)",13199,"Meriwether, GA"
31420,"Macon, GA (Metropolitan Statistical Area)",13207,"Monroe, GA"
12060,"Atlanta-Sandy Springs-Roswell, GA (Metropolitan Statistical Area)",13211,"Morgan, GA"
19140,"Dalton, GA (Metropolitan Statistical Area)",13213,"Murray, GA"
17980,"Columbus, GA-AL (Metropolitan Statistical Area)",13215,"Muscogee, GA"
12060,"Atlanta-Sandy Springs-Roswell, GA (Metropolitan Statistical Area)",13217,"Newton, GA"
12020,"Athens-Clarke County, GA (Metropolitan Statistical Area)",13219,"Oconee, GA"
12020,"Athens-Clarke County, GA (Metropolitan Statistical Area)",13221,"Oglethorpe, GA"
12060,"Atlanta-Sandy Springs-Roswell, GA (Metropolitan Statistical Area)",13223,"Paulding, GA"
47580,"Warner Robins, GA (Metropolitan Statistical Area)",13225,"Peach, GA"
12060,"Atlanta-Sandy Springs-Roswell, GA (Metropolitan Statistical Area)",13227,"Pickens, GA"
12060,"Atlanta-Sandy Springs-Roswell, GA (Metropolitan Statistical Area)",13231,"Pike, GA"
47580,"Warner Robins, GA (Metropolitan Statistical Area)",13235,"Pulaski, GA"
12260,"Augusta-Richmond County, GA-SC (Metropolitan Statistical Area)",13245,"Richmond, GA"
12060,"Atlanta-Sandy Springs-Roswell, GA (Metropolitan Statistical Area)",13247,"Rockdale, GA"
12060,"Atlanta-Sandy Springs-Roswell, GA (Metropolitan Statistical Area)",13255,"Spalding, GA"
10500,"Albany, GA (Metropolitan Statistical Area)",13273,"Terrell, GA"
31420,"Macon, GA (Metropolitan Statistical Area)",13289,"Twiggs, GA"
16860,"Chattanooga, TN-GA (Metropolitan Statistical Area)",13295,"Walker, GA"
12060,"Atlanta-Sandy Springs-Roswell, GA (Metropolitan Statistical Area)",13297,"Walton, GA"
19140,"Dalton, GA (Metropolitan Statistical Area)",13313,"Whitfield, GA"
10500,"Albany, GA (Metropolitan Statistical Area)",13321,"Worth, GA"
46520,"Urban Honolulu, HI (Metropolitan Statistical Area)",15003,"Honolulu, HI"
27980,"Kahului-Wailuku-Lahaina, HI (Metropolitan Statistical Area)",15901,"Maui + Kalawao, HI"
14260,"Boise City, ID (Metropolitan Statistical Area)",16001,"Ada, ID"
38540,"Pocatello, ID (Metropolitan Statistical Area)",16005,"Bannock, ID"
14260,"Boise City, ID (Metropolitan Statistical Area)",16015,"Boise, ID"
26820,"Idaho Falls, ID (Metropolitan Statistical Area)",16019,"Bonneville, ID"
26820,"Idaho Falls, ID (Metropolitan Statistical Area)",16023,"Butte, ID"
14260,"Boise City, ID (Metropolitan Statistical Area)",16027,"Canyon, ID"
30860,"Logan, UT-ID (Metropolitan Statistical Area)",16041,"Franklin, ID"
14260,"Boise City, ID (Metropolitan Statistical Area)",16045,"Gem, ID"
26820,"Idaho Falls, ID (Metropolitan Statistical Area)",16051,"Jefferson, ID"
17660,"Coeur d'Alene, ID (Metropolitan Statistical Area)",16055,"Kootenai, ID"
30300,"Lewiston, ID-WA (Metropolitan Statistical Area)",16069,"Nez Perce, ID"
14260,"Boise City, ID (Metropolitan Statistical Area)",16073,"Owyhee, ID"
16020,"Cape Girardeau, MO-IL (Metropolitan Statistical Area)",17003,"Alexander, IL"
41180,"St. Louis, MO-IL (Metropolitan Statistical Area)",17005,"Bond, IL"
40420,"Rockford, IL (Metropolitan Statistical Area)",17007,"Boone, IL"
41180,"St. Louis, MO-IL (Metropolitan Statistical Area)",17013,"Calhoun, IL"
16580,"Champaign-Urbana, IL (Metropolitan Statistical Area)",17019,"Champaign, IL"
41180,"St. Louis, MO-IL (Metropolitan Statistical Area)",17027,"Clinton, IL"
16980,"Chicago-Naperville-Elgin, IL-IN-WI (Metropolitan Statistical Area)",17031,"Cook, IL"
16980,"Chicago-Naperville-Elgin, IL-IN-WI (Metropolitan Statistical Area)",17037,"DeKalb, IL"
14010,"Bloomington, IL (Metropolitan Statistical Area)",17039,"De Witt, IL"
16980,"Chicago-Naperville-Elgin, IL-IN-WI (Metropolitan Statistical Area)",17043,"DuPage, IL"
16580,"Champaign-Urbana, IL (Metropolitan Statistical Area)",17053,"Ford, IL"
16980,"Chicago-Naperville-Elgin, IL-IN-WI (Metropolitan Statistical Area)",17063,"Grundy, IL"
19340,"Davenport-Moline-Rock Island, IA-IL (Metropolitan Statistical Area)",17073,"Henry, IL"
16060,"Carbondale-Marion, IL (Metropolitan Statistical Area)",17077,"Jackson, IL"
41180,"St. Louis, MO-IL (Metropolitan Statistical Area)",17083,"Jersey, IL"
16980,"Chicago-Naperville-Elgin, IL-IN-WI (Metropolitan Statistical Area)",17089,"Kane, IL"
28100,"Kankakee, IL (Metropolitan Statistical Area)",17091,"Kankakee, IL"
16980,"Chicago-Naperville-Elgin, IL-IN-WI (Metropolitan Statistical Area)",17093,"Kendall, IL"
16980,"Chicago-Naperville-Elgin, IL-IN-WI (Metropolitan Statistical Area)",17097,"Lake, IL"
16980,"Chicago-Naperville-Elgin, IL-IN-WI (Metropolitan Statistical Area)",17111,"McHenry, IL"
14010,"Bloomington, IL (Metropolitan Statistical Area)",17113,"McLean, IL"
19500,"Decatur, IL (Metropolitan Statistical Area)",17115,"Macon, IL"
41180,"St. Louis, MO-IL (Metropolitan Statistical Area)",17117,"Macoupin, IL"
41180,"St. Louis, MO-IL (Metropolitan Statistical Area)",17119,"Madison, IL"
37900,"Peoria, IL (Metropolitan Statistical Area)",17123,"Marshall, IL"
44100,"Springfield, IL (Metropolitan Statistical Area)",17129,"Menard, IL"
19340,"Davenport-Moline-Rock Island, IA-IL (Metropolitan Statistical Area)",17131,"Mercer, IL"
41180,"St. Louis, MO-IL (Metropolitan Statistical Area)",17133,"Monroe, IL"
37900,"Peoria, IL (Metropolitan Statistical Area)",17143,"Peoria, IL"
16580,"Champaign-Urbana, IL (Metropolitan Statistical Area)",17147,"Piatt, IL"
19340,"Davenport-Moline-Rock Island, IA-IL (Metropolitan Statistical Area)",17161,"Rock Island, IL"
41180,"St. Louis, MO-IL (Metropolitan Statistical Area)",17163,"St. Clair, IL"
44100,"Springfield, IL (Metropolitan Statistical Area)",17167,"Sangamon, IL"
37900,"Peoria, IL (Metropolitan Statistical Area)",17175,"Stark, IL"
37900,"Peoria, IL (Metropolitan Statistical Area)",17179,"Tazewell, IL"
19180,"Danville, IL (Metropolitan Statistical Area)",17183,"Vermilion, IL"
16980,"Chicago-Naperville-Elgin, IL-IN-WI (Metropolitan Statistical Area)",17197,"Will, IL"
16060,"Carbondale-Marion, IL (Metropolitan Statistical Area)",17199,"Williamson, IL"
40420,"Rockford, IL (Metropolitan Statistical Area)",17201,"Winnebago, IL"
37900,"Peoria, IL (Metropolitan Statistical Area)",17203,"Woodford, IL"
23060,"Fort Wayne, IN (Metropolitan Statistical Area)",18003,"Allen, IN"
18020,"Columbus, IN (Metropolitan Statistical Area)",18005,"Bartholomew, IN"
29200,"Lafayette-West Lafayette, IN (Metropolitan Statistical Area)",18007,"Benton, IN"
26900,"Indianapolis-Carmel-Anderson, IN (Metropolitan Statistical Area)",18011,"Boone, IN"
26900,"Indianapolis-Carmel-Anderson, IN (Metropolitan Statistical Area)",18013,"Brown, IN"
29200,"Lafayette-West Lafayette, IN (Metropolitan Statistical Area)",18015,"Carroll, IN"
31140,"Louisville/Jefferson County, KY-IN (Metropolitan Statistical Area)",18019,"Clark, IN"
45460,"Terre Haute, IN (Metropolitan Statistical Area)",18021,"Clay, IN"
17140,"Cincinnati, OH-KY-IN (Metropolitan Statistical Area)",18029,"Dearborn, IN"
34620,"Muncie, IN (Metropolitan Statistical Area)",18035,"Delaware, IN"
21140,"Elkhart-Goshen, IN (Metropolitan Statistical Area)",18039,"Elkhart, IN"
31140,"Louisville/Jefferson County, KY-IN (Metropolitan Statistical Area)",18043,"Floyd, IN"
26900,"Indianapolis-Carmel-Anderson, IN (Metropolitan Statistical Area)",18057,"Hamilton, IN"
26900,"Indianapolis-Carmel-Anderson, IN (Metropolitan Statistical Area)",18059,"Hancock, IN"
31140,"Louisville/Jefferson County, KY-IN (Metropolitan Statistical Area)",18061,"Harrison, IN"
26900,"Indianapolis-Carmel-Anderson, IN (Metropolitan Statistical Area)",18063,"Hendricks, IN"
29020,"Kokomo, IN (Metropolitan Statistical Area)",18067,"Howard, IN"
16980,"Chicago-Naperville-Elgin, IL-IN-WI (Metropolitan Statistical Area)",18073,"Jasper, IN"
26900,"Indianapolis-Carmel-Anderson, IN (Metropolitan Statistical Area)",18081,"Johnson, IN"
16980,"Chicago-Naperville-Elgin, IL-IN-WI (Metropolitan Statistical Area)",18089,"Lake, IN"
33140,"Michigan City-La Porte, IN (Metropolitan Statistical Area)",18091,"LaPorte, IN"
26900,"Indianapolis-Carmel-Anderson, IN (Metropolitan Statistical Area)",18095,"Madison, IN"
26900,"Indianapolis-Carmel-Anderson, IN (Metropolitan Statistical Area)",18097,"Marion, IN"
14020,"Bloomington, IN (Metropolitan Statistical Area)",18105,"Monroe, IN"
26900,"Indianapolis-Carmel-Anderson, IN (Metropolitan Statistical Area)",18109,"Morgan, IN"
16980,"Chicago-Naperville-Elgin, IL-IN-WI (Metropolitan Statistical Area)",18111,"Newton, IN"
17140,"Cincinnati, OH-KY-IN (Metropolitan Statistical Area)",18115,"Ohio, IN"
14020,"Bloomington, IN (Metropolitan Statistical Area)",18119,"Owen, IN"
16980,"Chicago-Naperville-Elgin, IL-IN-WI (Metropolitan Statistical Area)",18127,"Porter, IN"
21780,"Evansville, IN-KY (Metropolitan Statistical Area)",18129,"Posey, IN"
26900,"Indianapolis-Carmel-Anderson, IN (Metropolitan Statistical Area)",18133,"Putnam, IN"
43780,"South Bend-Mishawaka, IN-MI (Metropolitan Statistical Area)",18141,"St. Joseph, IN"
31140,"Louisville/Jefferson County, KY-IN (Metropolitan Statistical Area)",18143,"Scott, IN"
26900,"Indianapolis-Carmel-Anderson, IN (Metropolitan Statistical Area)",18145,"Shelby, IN"
45460,"Terre Haute, IN (Metropolitan Statistical Area)",18153,"Sullivan, IN"
29200,"Lafayette-West Lafayette, IN (Metropolitan Statistical Area)",18157,"Tippecanoe, IN"
17140,"Cincinnati, OH-KY-IN (Metropolitan Statistical Area)",18161,"Union, IN"
21780,"Evansville, IN-KY (Metropolitan Statistical Area)",18163,"Vanderburgh, IN"
45460,"Terre Haute, IN (Metropolitan Statistical Area)",18165,"Vermillion, IN"
45460,"Terre Haute, IN (Metropolitan Statistical Area)",18167,"Vigo, IN"
21780,"Evansville, IN-KY (Metropolitan Statistical Area)",18173,"Warrick, IN"
31140,"Louisville/Jefferson County, KY-IN (Metropolitan Statistical Area)",18175,"Washington, IN"
23060,"Fort Wayne, IN (Metropolitan Statistical Area)",18179,"Wells, IN"
23060,"Fort Wayne, IN (Metropolitan Statistical Area)",18183,"Whitley, IN"
16300,"Cedar Rapids, IA (Metropolitan Statistical Area)",19011,"Benton, IA"
47940,"Waterloo-Cedar Falls, IA (Metropolitan Statistical Area)",19013,"Black Hawk, IA"
47940,"Waterloo-Cedar Falls, IA (Metropolitan Statistical Area)",19017,"Bremer, IA"
19780,"Des Moines-West Des Moines, IA (Metropolitan Statistical Area)",19049,"Dallas, IA"
20220,"Dubuque, IA (Metropolitan Statistical Area)",19061,"Dubuque, IA"
47940,"Waterloo-Cedar Falls, IA (Metropolitan Statistical Area)",19075,"Grundy, IA"
19780,"Des Moines-West Des Moines, IA (Metropolitan Statistical Area)",19077,"Guthrie, IA"
36540,"Omaha-Council Bluffs, NE-IA (Metropolitan Statistical Area)",19085,"Harrison, IA"
26980,"Iowa City, IA (Metropolitan Statistical Area)",19103,"Johnson, IA"
16300,"Cedar Rapids, IA (Metropolitan Statistical Area)",19105,"Jones, IA"
16300,"Cedar Rapids, IA (Metropolitan Statistical Area)",19113,"Linn, IA"
19780,"Des Moines-West Des Moines, IA (Metropolitan Statistical Area)",19121,"Madison, IA"
36540,"Omaha-Council Bluffs, NE-IA (Metropolitan Statistical Area)",19129,"Mills, IA"
43580,"Sioux City, IA-NE-SD (Metropolitan Statistical Area)",19149,"Plymouth, IA"
19780,"Des Moines-West Des Moines, IA (Metropolitan Statistical Area)",19153,"Polk, IA"
36540,"Omaha-Council Bluffs, NE-IA (Metropolitan Statistical Area)",19155,"Pottawattamie, IA"
19340,"Davenport-Moline-Rock Island, IA-IL (Metropolitan Statistical Area)",19163,"Scott, IA"
11180,"Ames, IA (Metropolitan Statistical Area)",19169,"Story, IA"
19780,"Des Moines-West Des Moines, IA (Metropolitan Statistical Area)",19181,"Warren, IA"
26980,"Iowa City, IA (Metropolitan Statistical Area)",19183,"Washington, IA"
43580,"Sioux City, IA-NE-SD (Metropolitan Statistical Area)",19193,"Woodbury, IA"
48620,"Wichita, KS (Metropolitan Statistical Area)",20015,"Butler, KS"
41140,"St. Joseph, MO-KS (Metropolitan Statistical Area)",20043,"Doniphan, KS"
29940,"Lawrence, KS (Metropolitan Statistical Area)",20045,"Douglas, KS"
48620,"Wichita, KS (Metropolitan Statistical Area)",20079,"Harvey, KS"
45820,"Topeka, KS (Metropolitan Statistical Area)",20085,"Jackson, KS"
45820,"Topeka, KS (Metropolitan Statistical Area)",20087,"Jefferson, KS"
28140,"Kansas City, MO-KS (Metropolitan Statistical Area)",20091,"Johnson, KS"
48620,"Wichita, KS (Metropolitan Statistical Area)",20095,"Kingman, KS"
28140,"Kansas City, MO-KS (Metropolitan Statistical Area)",20103,"Leavenworth, KS"
28140,"Kansas City, MO-KS (Metropolitan Statistical Area)",20107,"Linn, KS"
28140,"Kansas City, MO-KS (Metropolitan Statistical Area)",20121,"Miami, KS"
45820,"Topeka, KS (Metropolitan Statistical Area)",20139,"Osage, KS"
31740,"Manhattan, KS (Metropolitan Statistical Area)",20149,"Pottawatomie, KS"
31740,"Manhattan, KS (Metropolitan Statistical Area)",20161,"Riley, KS"
48620,"Wichita, KS (Metropolitan Statistical Area)",20173,"Sedgwick, KS"
45820,"Topeka, KS (Metropolitan Statistical Area)",20177,"Shawnee, KS"
48620,"Wichita, KS (Metropolitan Statistical Area)",20191,"Sumner, KS"
45820,"Topeka, KS (Metropolitan Statistical Area)",20197,"Wabaunsee, KS"
28140,"Kansas City, MO-KS (Metropolitan Statistical Area)",20209,"Wyandotte, KS"
14540,"Bowling Green, KY (Metropolitan Statistical Area)",21003,"Allen, KY"
17140,"Cincinnati, OH-KY-IN (Metropolitan Statistical Area)",21015,"Boone, KY"
30460,"Lexington-Fayette, KY (Metropolitan Statistical Area)",21017,"Bourbon, KY"
26580,"Huntington-Ashland, WV-KY-OH (Metropolitan Statistical Area)",21019,"Boyd, KY"
17140,"Cincinnati, OH-KY-IN (Metropolitan Statistical Area)",21023,"Bracken, KY"
31140,"Louisville/Jefferson County, KY-IN (Metropolitan Statistical Area)",21029,"Bullitt, KY"
14540,"Bowling Green, KY (Metropolitan Statistical Area)",21031,"Butler, KY"
17140,"Cincinnati, OH-KY-IN (Metropolitan Statistical Area)",21037,"Campbell, KY"
17300,"Clarksville, TN-KY (Metropolitan Statistical Area)",21047,"Christian, KY"
30460,"Lexington-Fayette, KY (Metropolitan Statistical Area)",21049,"Clark, KY"
36980,"Owensboro, KY (Metropolitan Statistical Area)",21059,"Daviess, KY"
14540,"Bowling Green, KY (Metropolitan Statistical Area)",21061,"Edmonson, KY"
30460,"Lexington-Fayette, KY (Metropolitan Statistical Area)",21067,"Fayette, KY"
17140,"Cincinnati, OH-KY-IN (Metropolitan Statistical Area)",21077,"Gallatin, KY"
17140,"Cincinnati, OH-KY-IN (Metropolitan Statistical Area)",21081,"Grant, KY"
26580,"Huntington-Ashland, WV-KY-OH (Metropolitan Statistical Area)",21089,"Greenup, KY"
36980,"Owensboro, KY (Metropolitan Statistical Area)",21091,"Hancock, KY"
21060,"Elizabethtown-Fort Knox, KY (Metropolitan Statistical Area)",21093,"Hardin, KY"
21780,"Evansville, IN-KY (Metropolitan Statistical Area)",21101,"Henderson, KY"
31140,"Louisville/Jefferson County, KY-IN (Metropolitan Statistical Area)",21103,"Henry, KY"
31140,"Louisville/Jefferson County, KY-IN (Metropolitan Statistical Area)",21111,"Jefferson, KY"
30460,"Lexington-Fayette, KY (Metropolitan Statistical Area)",21113,"Jessamine, KY"
17140,"Cincinnati, OH-KY-IN (Metropolitan Statistical Area)",21117,"Kenton, KY"
21060,"Elizabethtown-Fort Knox, KY (Metropolitan Statistical Area)",21123,"Larue, KY"
36980,"Owensboro, KY (Metropolitan Statistical Area)",21149,"McLean, KY"
21060,"Elizabethtown-Fort Knox, KY (Metropolitan Statistical Area)",21163,"Meade, KY"
31140,"Louisville/Jefferson County, KY-IN (Metropolitan Statistical Area)",21185,"Oldham, KY"
17140,"Cincinnati, OH-KY-IN (Metropolitan Statistical Area)",21191,"Pendleton, KY"
30460,"Lexington-Fayette, KY (Metropolitan Statistical Area)",21209,"Scott, KY"
31140,"Louisville/Jefferson County, KY-IN (Metropolitan Statistical Area)",21211,"Shelby, KY"
31140,"Louisville/Jefferson County, KY-IN (Metropolitan Statistical Area)",21215,"Spencer, KY"
17300,"Clarksville, TN-KY (Metropolitan Statistical Area)",21221,"Trigg, KY"
31140,"Louisville/Jefferson County, KY-IN (Metropolitan Statistical Area)",21223,"Trimble, KY"
14540,"Bowling Green, KY (Metropolitan Statistical Area)",21227,"Warren, KY"
30460,"Lexington-Fayette, KY (Metropolitan Statistical Area)",21239,"Woodford, KY"
29180,"Lafayette, LA (Metropolitan Statistical Area)",22001,"Acadia, LA"
12940,"Baton Rouge, LA (Metropolitan Statistical Area)",22005,"Ascension, LA"
43340,"Shreveport-Bossier City, LA (Metropolitan Statistical Area)",22015,"Bossier, LA"
43340,"Shreveport-Bossier City, LA (Metropolitan Statistical Area)",22017,"Caddo, LA"
29340,"Lake Charles, LA (Metropolitan Statistical Area)",22019,"Calcasieu, LA"
29340,"Lake Charles, LA (Metropolitan Statistical Area)",22023,"Cameron, LA"
43340,"Shreveport-Bossier City, LA (Metropolitan Statistical Area)",22031,"De Soto, LA"
12940,"Baton Rouge, LA (Metropolitan Statistical Area)",22033,"East Baton Rouge, LA"
12940,"Baton Rouge, LA (Metropolitan Statistical Area)",22037,"East Feliciana, LA"
10780,"Alexandria, LA (Metropolitan Statistical Area)",22043,"Grant, LA"
29180,"Lafayette, LA (Metropolitan Statistical Area)",22045,"Iberia, LA"
12940,"Baton Rouge, LA (Metropolitan Statistical Area)",22047,"Iberville, LA"
35380,"New Orleans-Metairie, LA (Metropolitan Statistical Area)",22051,"Jefferson, LA"
29180,"Lafayette, LA (Metropolitan Statistical Area)",22055,"Lafayette, LA"
26380,"Houma-Thibodaux, LA (Metropolitan Statistical Area)",22057,"Lafourche, LA"
12940,"Baton Rouge, LA (Metropolitan Statistical Area)",22063,"Livingston, LA"
35380,"New Orleans-Metairie, LA (Metropolitan Statistical Area)",22071,"Orleans, LA"
33740,"Monroe, LA (Metropolitan Statistical Area)",22073,"Ouachita, LA"
35380,"New Orleans-Metairie, LA (Metropolitan Statistical Area)",22075,"Plaquemines, LA"
12940,"Baton Rouge, LA (Metropolitan Statistical Area)",22077,"Pointe Coupee, LA"
10780,"Alexandria, LA (Metropolitan Statistical Area)",22079,"Rapides, LA"
35380,"New Orleans-Metairie, LA (Metropolitan Statistical Area)",22087,"St. Bernard, LA"
35380,"New Orleans-Metairie, LA (Metropolitan Statistical Area)",22089,"St. Charles, LA"
12940,"Baton Rouge, LA (Metropolitan Statistical Area)",22091,"St. Helena, LA"
35380,"New Orleans-Metairie, LA (Metropolitan Statistical Area)",22093,"St. James, LA"
35380,"New Orleans-Metairie, LA (Metropolitan Statistical Area)",22095,"St. John the Baptist, LA"
29180,"Lafayette, LA (Metropolitan Statistical Area)",22099,"St. Martin, LA"
35380,"New Orleans-Metairie, LA (Metropolitan Statistical Area)",22103,"St. Tammany, LA"
25220,"Hammond, LA (Metropolitan Statistical Area)",22105,"Tangipahoa, LA"
26380,"Houma-Thibodaux, LA (Metropolitan Statistical Area)",22109,"Terrebonne, LA"
33740,"Monroe, LA (Metropolitan Statistical Area)",22111,"Union, LA"
29180,"Lafayette, LA (Metropolitan Statistical Area)",22113,"Vermilion, LA"
43340,"Shreveport-Bossier City, LA (Metropolitan Statistical Area)",22119,"Webster, LA"
12940,"Baton Rouge, LA (Metropolitan Statistical Area)",22121,"West Baton Rouge, LA"
12940,"Baton Rouge, LA (Metropolitan Statistical Area)",22125,"West Feliciana, LA"
30340,"Lewiston-Auburn, ME (Metropolitan Statistical Area)",23001,"Androscoggin, ME"
38860,"Portland-South Portland, ME (Metropolitan Statistical Area)",23005,"Cumberland, ME"
12620,"Bangor, ME (Metropolitan Statistical Area)",23019,"Penobscot, ME"
38860,"Portland-South Portland, ME (Metropolitan Statistical Area)",23023,"Sagadahoc, ME"
38860,"Portland-South Portland, ME (Metropolitan Statistical Area)",23031,"York, ME"
19060,"Cumberland, MD-WV (Metropolitan Statistical Area)",24001,"Allegany, MD"
12580,"Baltimore-Columbia-Towson, MD (Metropolitan Statistical Area)",24003,"Anne Arundel, MD"
12580,"Baltimore-Columbia-Towson, MD (Metropolitan Statistical Area)",24005,"Baltimore, MD"
47900,"Washington-Arlington-Alexandria, DC-VA-MD-WV (Metropolitan Statistical Area)",24009,"Calvert, MD"
12580,"Baltimore-Columbia-Towson, MD (Metropolitan Statistical Area)",24013,"Carroll, MD"
37980,"Philadelphia-Camden-Wilmington, PA-NJ-DE-MD (Metropolitan Statistical Area)",24015,"Cecil, MD"
47900,"Washington-Arlington-Alexandria, DC-VA-MD-WV (Metropolitan Statistical Area)",24017,"Charles, MD"
47900,"Washington-Arlington-Alexandria, DC-VA-MD-WV (Metropolitan Statistical Area)",24021,"Frederick, MD"
12580,"Baltimore-Columbia-Towson, MD (Metropolitan Statistical Area)",24025,"Harford, MD"
12580,"Baltimore-Columbia-Towson, MD (Metropolitan Statistical Area)",24027,"Howard, MD"
47900,"Washington-Arlington-Alexandria, DC-VA-MD-WV (Metropolitan Statistical Area)",24031,"Montgomery, MD"
47900,"Washington-Arlington-Alexandria, DC-VA-MD-WV (Metropolitan Statistical Area)",24033,"Prince George's, MD"
12580,"Baltimore-Columbia-Towson, MD (Metropolitan Statistical Area)",24035,"Queen Anne's, MD"
15680,"California-Lexington Park, MD (Metropolitan Statistical Area)",24037,"St. Mary's, MD"
41540,"Salisbury, MD-DE (Metropolitan Statistical Area)",24039,"Somerset, MD"
25180,"Hagerstown-Martinsburg, MD-WV (Metropolitan Statistical Area)",24043,"Washington, MD"
41540,"Salisbury, MD-DE (Metropolitan Statistical Area)",24045,"Wicomico, MD"
41540,"Salisbury, MD-DE (Metropolitan Statistical Area)",24047,"Worcester, MD"
12580,"Baltimore-Columbia-Towson, MD (Metropolitan Statistical Area)",24510,"Baltimore (Independent City), MD"
12700,"Barnstable Town, MA (Metropolitan Statistical Area)",25001,"Barnstable, MA"
38340,"Pittsfield, MA (Metropolitan Statistical Area)",25003,"Berkshire, MA"
39300,"Providence-Warwick, RI-MA (Metropolitan Statistical Area)",25005,"Bristol, MA"
14460,"Boston-Cambridge-Newton, MA-NH (Metropolitan Statistical Area)",25009,"Essex, MA"
44140,"Springfield, MA (Metropolitan Statistical Area)",25013,"Hampden, MA"
44140,"Springfield, MA (Metropolitan Statistical Area)",25015,"Hampshire, MA"
14460,"Boston-Cambridge-Newton, MA-NH (Metropolitan Statistical Area)",25017,"Middlesex, MA"
14460,"Boston-Cambridge-Newton, MA-NH (Metropolitan Statistical Area)",25021,"Norfolk, MA"
14460,"Boston-Cambridge-Newton, MA-NH (Metropolitan Statistical Area)",25023,"Plymouth, MA"
14460,"Boston-Cambridge-Newton, MA-NH (Metropolitan Statistical Area)",25025,"Suffolk, MA"
49340,"Worcester, MA-CT (Metropolitan Statistical Area)",25027,"Worcester, MA"
24340,"Grand Rapids-Wyoming, MI (Metropolitan Statistical Area)",26015,"Barry, MI"
13020,"Bay City, MI (Metropolitan Statistical Area)",26017,"Bay, MI"
35660,"Niles-Benton Harbor, MI (Metropolitan Statistical Area)",26021,"Berrien, MI"
12980,"Battle Creek, MI (Metropolitan Statistical Area)",26025,"Calhoun, MI"
43780,"South Bend-Mishawaka, IN-MI (Metropolitan Statistical Area)",26027,"Cass, MI"
29620,"Lansing-East Lansing, MI (Metropolitan Statistical Area)",26037,"Clinton, MI"
29620,"Lansing-East Lansing, MI (Metropolitan Statistical Area)",26045,"Eaton, MI"
22420,"Flint, MI (Metropolitan Statistical Area)",26049,"Genesee, MI"
29620,"Lansing-East Lansing, MI (Metropolitan Statistical Area)",26065,"Ingham, MI"
27100,"Jackson, MI (Metropolitan Statistical Area)",26075,"Jackson, MI"
28020,"Kalamazoo-Portage, MI (Metropolitan Statistical Area)",26077,"Kalamazoo, MI"
24340,"Grand Rapids-Wyoming, MI (Metropolitan Statistical Area)",26081,"Kent, MI"
19820,"Detroit-Warren-Dearborn, MI (Metropolitan Statistical Area)",26087,"Lapeer, MI"
19820,"Detroit-Warren-Dearborn, MI (Metropolitan Statistical Area)",26093,"Livingston, MI"
19820,"Detroit-Warren-Dearborn, MI (Metropolitan Statistical Area)",26099,"Macomb, MI"
33220,"Midland, MI (Metropolitan Statistical Area)",26111,"Midland, MI"
33780,"Monroe, MI (Metropolitan Statistical Area)",26115,"Monroe, MI"
24340,"Grand Rapids-Wyoming, MI (Metropolitan Statistical Area)",26117,"Montcalm, MI"
34740,"Muskegon, MI (Metropolitan Statistical Area)",26121,"Muskegon, MI"
19820,"Detroit-Warren-Dearborn, MI (Metropolitan Statistical Area)",26125,"Oakland, MI"
24340,"Grand Rapids-Wyoming, MI (Metropolitan Statistical Area)",26139,"Ottawa, MI"
40980,"Saginaw, MI (Metropolitan Statistical Area)",26145,"Saginaw, MI"
19820,"Detroit-Warren-Dearborn, MI (Metropolitan Statistical Area)",26147,"St. Clair, MI"
28020,"Kalamazoo-Portage, MI (Metropolitan Statistical Area)",26159,"Van Buren, MI"
11460,"Ann Arbor, MI (Metropolitan Statistical Area)",26161,"Washtenaw, MI"
19820,"Detroit-Warren-Dearborn, MI (Metropolitan Statistical Area)",26163,"Wayne, MI"
33460,"Minneapolis-St. Paul-Bloomington, MN-WI (Metropolitan Statistical Area)",27003,"Anoka, MN"
41060,"St. Cloud, MN (Metropolitan Statistical Area)",27009,"Benton, MN"
31860,"Mankato-North Mankato, MN (Metropolitan Statistical Area)",27013,"Blue Earth, MN"
20260,"Duluth, MN-WI (Metropolitan Statistical Area)",27017,"Carlton, MN"
33460,"Minneapolis-St. Paul-Bloomington, MN-WI (Metropolitan Statistical Area)",27019,"Carver, MN"
33460,"Minneapolis-St. Paul-Bloomington, MN-WI (Metropolitan Statistical Area)",27025,"Chisago, MN"
22020,"Fargo, ND-MN (Metropolitan Statistical Area)",27027,"Clay, MN"
33460,"Minneapolis-St. Paul-Bloomington, MN-WI (Metropolitan Statistical Area)",27037,"Dakota, MN"
40340,"Rochester, MN (Metropolitan Statistical Area)",27039,"Dodge, MN"
40340,"Rochester, MN (Metropolitan Statistical Area)",27045,"Fillmore, MN"
33460,"Minneapolis-St. Paul-Bloomington, MN-WI (Metropolitan Statistical Area)",27053,"Hennepin, MN"
29100,"La Crosse-Onalaska, WI-MN (Metropolitan Statistical Area)",27055,"Houston, MN"
33460,"Minneapolis-St. Paul-Bloomington, MN-WI (Metropolitan Statistical Area)",27059,"Isanti, MN"
33460,"Minneapolis-St. Paul-Bloomington, MN-WI (Metropolitan Statistical Area)",27079,"Le Sueur, MN"
33460,"Minneapolis-St. Paul-Bloomington, MN-WI (Metropolitan Statistical Area)",27095,"Mille Lacs, MN"
31860,"Mankato-North Mankato, MN (Metropolitan Statistical Area)",27103,"Nicollet, MN"
40340,"Rochester, MN (Metropolitan Statistical Area)",27109,"Olmsted, MN"
24220,"Grand Forks, ND-MN (Metropolitan Statistical Area)",27119,"Polk, MN"
33460,"Minneapolis-St. Paul-Bloomington, MN-WI (Metropolitan Statistical Area)",27123,"Ramsey, MN"
20260,"Duluth, MN-WI (Metropolitan Statistical Area)",27137,"St. Louis, MN"
33460,"Minneapolis-St. Paul-Bloomington, MN-WI (Metropolitan Statistical Area)",27139,"Scott, MN"
33460,"Minneapolis-St. Paul-Bloomington, MN-WI (Metropolitan Statistical Area)",27141,"Sherburne, MN"
33460,"Minneapolis-St. Paul-Bloomington, MN-WI (Metropolitan Statistical Area)",27143,"Sibley, MN"
41060,"St. Cloud, MN (Metropolitan Statistical Area)",27145,"Stearns, MN"
40340,"Rochester, MN (Metropolitan Statistical Area)",27157,"Wabasha, MN"
33460,"Minneapolis-St. Paul-Bloomington, MN-WI (Metropolitan Statistical Area)",27163,"Washington, MN"
33460,"Minneapolis-St. Paul-Bloomington, MN-WI (Metropolitan Statistical Area)",27171,"Wright, MN"
32820,"Memphis, TN-MS-AR (Metropolitan Statistical Area)",28009,"Benton, MS"
27140,"Jackson, MS (Metropolitan Statistical Area)",28029,"Copiah, MS"
32820,"Memphis, TN-MS-AR (Metropolitan Statistical Area)",28033,"DeSoto, MS"
25620,"Hattiesburg, MS (Metropolitan Statistical Area)",28035,"Forrest, MS"
25060,"Gulfport-Biloxi-Pascagoula, MS (Metropolitan Statistical Area)",28045,"Hancock, MS"
25060,"Gulfport-Biloxi-Pascagoula, MS (Metropolitan Statistical Area)",28047,"Harrison, MS"
27140,"Jackson, MS (Metropolitan Statistical Area)",28049,"Hinds, MS"
25060,"Gulfport-Biloxi-Pascagoula, MS (Metropolitan Statistical Area)",28059,"Jackson, MS"
25620,"Hattiesburg, MS (Metropolitan Statistical Area)",28073,"Lamar, MS"
27140,"Jackson, MS (Metropolitan Statistical Area)",28089,"Madison, MS"
32820,"Memphis, TN-MS-AR (Metropolitan Statistical Area)",28093,"Marshall, MS"
25620,"Hattiesburg, MS (Metropolitan Statistical Area)",28111,"Perry, MS"
27140,"Jackson, MS (Metropolitan Statistical Area)",28121,"Rankin, MS"
27140,"Jackson, MS (Metropolitan Statistical Area)",28127,"Simpson, MS"
32820,"Memphis, TN-MS-AR (Metropolitan Statistical Area)",28137,"Tate, MS"
32820,"Memphis, TN-MS-AR (Metropolitan Statistical Area)",28143,"Tunica, MS"
27140,"Jackson, MS (Metropolitan Statistical Area)",28163,"Yazoo, MS"
41140,"St. Joseph, MO-KS (Metropolitan Statistical Area)",29003,"Andrew, MO"
28140,"Kansas City, MO-KS (Metropolitan Statistical Area)",29013,"Bates, MO"
16020,"Cape Girardeau, MO-IL (Metropolitan Statistical Area)",29017,"Bollinger, MO"
17860,"Columbia, MO (Metropolitan Statistical Area)",29019,"Boone, MO"
41140,"St. Joseph, MO-KS (Metropolitan Statistical Area)",29021,"Buchanan, MO"
28140,"Kansas City, MO-KS (Metropolitan Statistical Area)",29025,"Caldwell, MO"
27620,"Jefferson City, MO (Metropolitan Statistical Area)",29027,"Callaway, MO"
16020,"Cape Girardeau, MO-IL (Metropolitan Statistical Area)",29031,"Cape Girardeau, MO"
28140,"Kansas City, MO-KS (Metropolitan Statistical Area)",29037,"Cass, MO"
44180,"Springfield, MO (Metropolitan Statistical Area)",29043,"Christian, MO"
28140,"Kansas City, MO-KS (Metropolitan Statistical Area)",29047,"Clay, MO"
28140,"Kansas City, MO-KS (Metropolitan Statistical Area)",29049,"Clinton, MO"
27620,"Jefferson City, MO (Metropolitan Statistical Area)",29051,"Cole, MO"
44180,"Springfield, MO (Metropolitan Statistical Area)",29059,"Dallas, MO"
41140,"St. Joseph, MO-KS (Metropolitan Statistical Area)",29063,"DeKalb, MO"
41180,"St. Louis, MO-IL (Metropolitan Statistical Area)",29071,"Franklin, MO"
44180,"Springfield, MO (Metropolitan Statistical Area)",29077,"Greene, MO"
28140,"Kansas City, MO-KS (Metropolitan Statistical Area)",29095,"Jackson, MO"
27900,"Joplin, MO (Metropolitan Statistical Area)",29097,"Jasper, MO"
41180,"St. Louis, MO-IL (Metropolitan Statistical Area)",29099,"Jefferson, MO"
28140,"Kansas City, MO-KS (Metropolitan Statistical Area)",29107,"Lafayette, MO"
41180,"St. Louis, MO-IL (Metropolitan Statistical Area)",29113,"Lincoln, MO"
22220,"Fayetteville-Springdale-Rogers, AR-MO (Metropolitan Statistical Area)",29119,"McDonald, MO"
27620,"Jefferson City, MO (Metropolitan Statistical Area)",29135,"Moniteau, MO"
27900,"Joplin, MO (Metropolitan Statistical Area)",29145,"Newton, MO"
27620,"Jefferson City, MO (Metropolitan Statistical Area)",29151,"Osage, MO"
28140,"Kansas City, MO-KS (Metropolitan Statistical Area)",29165,"Platte, MO"
44180,"Springfield, MO (Metropolitan Statistical Area)",29167,"Polk, MO"
28140,"Kansas City, MO-KS (Metropolitan Statistical Area)",29177,"Ray, MO"
41180,"St. Louis, MO-IL (Metropolitan Statistical Area)",29183,"St. Charles, MO"
41180,"St. Louis, MO-IL (Metropolitan Statistical Area)",29189,"St. Louis, MO"
41180,"St. Louis, MO-IL (Metropolitan Statistical Area)",29219,"Warren, MO"
44180,"Springfield, MO (Metropolitan Statistical Area)",29225,"Webster, MO"
41180,"St. Louis, MO-IL (Metropolitan Statistical Area)",29510,"St. Louis (Independent City), MO"
13740,"Billings, MT (Metropolitan Statistical Area)",30009,"Carbon, MT"
24500,"Great Falls, MT (Metropolitan Statistical Area)",30013,"Cascade, MT"
13740,"Billings, MT (Metropolitan Statistical Area)",30037,"Golden Valley, MT"
33540,"Missoula, MT (Metropolitan Statistical Area)",30063,"Missoula, MT"
13740,"Billings, MT (Metropolitan Statistical Area)",30111,"Yellowstone, MT"
36540,"Omaha-Council Bluffs, NE-IA (Metropolitan Statistical Area)",31025,"Cass, NE"
43580,"Sioux City, IA-NE-SD (Metropolitan Statistical Area)",31043,"Dakota, NE"
43580,"Sioux City, IA-NE-SD (Metropolitan Statistical Area)",31051,"Dixon, NE"
36540,"Omaha-Council Bluffs, NE-IA (Metropolitan Statistical Area)",31055,"Douglas, NE"
24260,"Grand Island, NE (Metropolitan Statistical Area)",31079,"Hall, NE"
24260,"Grand Island, NE (Metropolitan Statistical Area)",31081,"Hamilton, NE"
24260,"Grand Island, NE (Metropolitan Statistical Area)",31093,"Howard, NE"
30700,"Lincoln, NE (Metropolitan Statistical Area)",31109,"Lancaster, NE"
24260,"Grand Island, NE (Metropolitan Statistical Area)",31121,"Merrick, NE"
36540,"Omaha-Council Bluffs, NE-IA (Metropolitan Statistical Area)",31153,"Sarpy, NE"
36540,"Omaha-Council Bluffs, NE-IA (Metropolitan Statistical Area)",31155,"Saunders, NE"
30700,"Lincoln, NE (Metropolitan Statistical Area)",31159,"Seward, NE"
36540,"Omaha-Council Bluffs, NE-IA (Metropolitan Statistical Area)",31177,"Washington, NE"
29820,"Las Vegas-Henderson-Paradise, NV (Metropolitan Statistical Area)",32003,"Clark, NV"
39900,"Reno, NV (Metropolitan Statistical Area)",32029,"Storey, NV"
39900,"Reno, NV (Metropolitan Statistical Area)",32031,"Washoe, NV"
16180,"Carson City, NV (Metropolitan Statistical Area)",32510,"Carson City (Independent City), NV"
31700,"Manchester-Nashua, NH (Metropolitan Statistical Area)",33011,"Hillsborough, NH"
14460,"Boston-Cambridge-Newton, MA-NH (Metropolitan Statistical Area)",33015,"Rockingham, NH"
14460,"Boston-Cambridge-Newton, MA-NH (Metropolitan Statistical Area)",33017,"Strafford, NH"
12100,"Atlantic City-Hammonton, NJ (Metropolitan Statistical Area)",34001,"Atlantic, NJ"
35620,"New York-Newark-Jersey City, NY-NJ-PA (Metropolitan Statistical Area)",34003,"Bergen, NJ"
37980,"Philadelphia-Camden-Wilmington, PA-NJ-DE-MD (Metropolitan Statistical Area)",34005,"Burlington, NJ"
37980,"Philadelphia-Camden-Wilmington, PA-NJ-DE-MD (Metropolitan Statistical Area)",34007,"Camden, NJ"
36140,"Ocean City, NJ (Metropolitan Statistical Area)",34009,"Cape May, NJ"
47220,"Vineland-Bridgeton, NJ (Metropolitan Statistical Area)",34011,"Cumberland, NJ"
35620,"New York-Newark-Jersey City, NY-NJ-PA (Metropolitan Statistical Area)",34013,"Essex, NJ"
37980,"Philadelphia-Camden-Wilmington, PA-NJ-DE-MD (Metropolitan Statistical Area)",34015,"Gloucester, NJ"
35620,"New York-Newark-Jersey City, NY-NJ-PA (Metropolitan Statistical Area)",34017,"Hudson, NJ"
35620,"New York-Newark-Jersey City, NY-NJ-PA (Metropolitan Statistical Area)",34019,"Hunterdon, NJ"
45940,"Trenton, NJ (Metropolitan Statistical Area)",34021,"Mercer, NJ"
35620,"New York-Newark-Jersey City, NY-NJ-PA (Metropolitan Statistical Area)",34023,"Middlesex, NJ"
35620,"New York-Newark-Jersey City, NY-NJ-PA (Metropolitan Statistical Area)",34025,"Monmouth, NJ"
35620,"New York-Newark-Jersey City, NY-NJ-PA (Metropolitan Statistical Area)",34027,"Morris, NJ"
35620,"New York-Newark-Jersey City, NY-NJ-PA (Metropolitan Statistical Area)",34029,"Ocean, NJ"
35620,"New York-Newark-Jersey City, NY-NJ-PA (Metropolitan Statistical Area)",34031,"Passaic, NJ"
37980,"Philadelphia-Camden-Wilmington, PA-NJ-DE-MD (Metropolitan Statistical Area)",34033,"Salem, NJ"
35620,"New York-Newark-Jersey City, NY-NJ-PA (Metropolitan Statistical Area)",34035,"Somerset, NJ"
35620,"New York-Newark-Jersey City, NY-NJ-PA (Metropolitan Statistical Area)",34037,"Sussex, NJ"
35620,"New York-Newark-Jersey City, NY-NJ-PA (Metropolitan Statistical Area)",34039,"Union, NJ"
10900,"Allentown-Bethlehem-Easton, PA-NJ (Metropolitan Statistical Area)",34041,"Warren, NJ"
10740,"Albuquerque, NM (Metropolitan Statistical Area)",35001,"Bernalillo, NM"
29740,"Las Cruces, NM (Metropolitan Statistical Area)",35013,"Do??a Ana, NM"
10740,"Albuquerque, NM (Metropolitan Statistical Area)",35043,"Sandoval, NM"
22140,"Farmington, NM (Metropolitan Statistical Area)",35045,"San Juan, NM"
42140,"Santa Fe, NM (Metropolitan Statistical Area)",35049,"Santa Fe, NM"
10740,"Albuquerque, NM (Metropolitan Statistical Area)",35057,"Torrance, NM"
10740,"Albuquerque, NM (Metropolitan Statistical Area)",35061,"Valencia, NM"
10580,"Albany-Schenectady-Troy, NY (Metropolitan Statistical Area)",36001,"Albany, NY"
35620,"New York-Newark-Jersey City, NY-NJ-PA (Metropolitan Statistical Area)",36005,"Bronx, NY"
13780,"Binghamton, NY (Metropolitan Statistical Area)",36007,"Broome, NY"
21300,"Elmira, NY (Metropolitan Statistical Area)",36015,"Chemung, NY"
35620,"New York-Newark-Jersey City, NY-NJ-PA (Metropolitan Statistical Area)",36027,"Dutchess, NY"
15380,"Buffalo-Cheektowaga-Niagara Falls, NY (Metropolitan Statistical Area)",36029,"Erie, NY"
46540,"Utica-Rome, NY (Metropolitan Statistical Area)",36043,"Herkimer, NY"
48060,"Watertown-Fort Drum, NY (Metropolitan Statistical Area)",36045,"Jefferson, NY"
35620,"New York-Newark-Jersey City, NY-NJ-PA (Metropolitan Statistical Area)",36047,"Kings, NY"
40380,"Rochester, NY (Metropolitan Statistical Area)",36051,"Livingston, NY"
45060,"Syracuse, NY (Metropolitan Statistical Area)",36053,"Madison, NY"
40380,"Rochester, NY (Metropolitan Statistical Area)",36055,"Monroe, NY"
35620,"New York-Newark-Jersey City, NY-NJ-PA (Metropolitan Statistical Area)",36059,"Nassau, NY"
35620,"New York-Newark-Jersey City, NY-NJ-PA (Metropolitan Statistical Area)",36061,"New York, NY"
15380,"Buffalo-Cheektowaga-Niagara Falls, NY (Metropolitan Statistical Area)",36063,"Niagara, NY"
46540,"Utica-Rome, NY (Metropolitan Statistical Area)",36065,"Oneida, NY"
45060,"Syracuse, NY (Metropolitan Statistical Area)",36067,"Onondaga, NY"
40380,"Rochester, NY (Metropolitan Statistical Area)",36069,"Ontario, NY"
35620,"New York-Newark-Jersey City, NY-NJ-PA (Metropolitan Statistical Area)",36071,"Orange, NY"
40380,"Rochester, NY (Metropolitan Statistical Area)",36073,"Orleans, NY"
45060,"Syracuse, NY (Metropolitan Statistical Area)",36075,"Oswego, NY"
35620,"New York-Newark-Jersey City, NY-NJ-PA (Metropolitan Statistical Area)",36079,"Putnam, NY"
35620,"New York-Newark-Jersey City, NY-NJ-PA (Metropolitan Statistical Area)",36081,"Queens, NY"
10580,"Albany-Schenectady-Troy, NY (Metropolitan Statistical Area)",36083,"Rensselaer, NY"
35620,"New York-Newark-Jersey City, NY-NJ-PA (Metropolitan Statistical Area)",36085,"Richmond, NY"
35620,"New York-Newark-Jersey City, NY-NJ-PA (Metropolitan Statistical Area)",36087,"Rockland, NY"
10580,"Albany-Schenectady-Troy, NY (Metropolitan Statistical Area)",36091,"Saratoga, NY"
10580,"Albany-Schenectady-Troy, NY (Metropolitan Statistical Area)",36093,"Schenectady, NY"
10580,"Albany-Schenectady-Troy, NY (Metropolitan Statistical Area)",36095,"Schoharie, NY"
35620,"New York-Newark-Jersey City, NY-NJ-PA (Metropolitan Statistical Area)",36103,"Suffolk, NY"
13780,"Binghamton, NY (Metropolitan Statistical Area)",36107,"Tioga, NY"
27060,"Ithaca, NY (Metropolitan Statistical Area)",36109,"Tompkins, NY"
28740,"Kingston, NY (Metropolitan Statistical Area)",36111,"Ulster, NY"
24020,"Glens Falls, NY (Metropolitan Statistical Area)",36113,"Warren, NY"
24020,"Glens Falls, NY (Metropolitan Statistical Area)",36115,"Washington, NY"
40380,"Rochester, NY (Metropolitan Statistical Area)",36117,"Wayne, NY"
35620,"New York-Newark-Jersey City, NY-NJ-PA (Metropolitan Statistical Area)",36119,"Westchester, NY"
40380,"Rochester, NY (Metropolitan Statistical Area)",36123,"Yates, NY"
15500,"Burlington, NC (Metropolitan Statistical Area)",37001,"Alamance, NC"
25860,"Hickory-Lenoir-Morganton, NC (Metropolitan Statistical Area)",37003,"Alexander, NC"
34820,"Myrtle Beach-Conway-North Myrtle Beach, SC-NC (Metropolitan Statistical Area)",37019,"Brunswick, NC"
11700,"Asheville, NC (Metropolitan Statistical Area)",37021,"Buncombe, NC"
25860,"Hickory-Lenoir-Morganton, NC (Metropolitan Statistical Area)",37023,"Burke, NC"
16740,"Charlotte-Concord-Gastonia, NC-SC (Metropolitan Statistical Area)",37025,"Cabarrus, NC"
25860,"Hickory-Lenoir-Morganton, NC (Metropolitan Statistical Area)",37027,"Caldwell, NC"
25860,"Hickory-Lenoir-Morganton, NC (Metropolitan Statistical Area)",37035,"Catawba, NC"
20500,"Durham-Chapel Hill, NC (Metropolitan Statistical Area)",37037,"Chatham, NC"
35100,"New Bern, NC (Metropolitan Statistical Area)",37049,"Craven, NC"
22180,"Fayetteville, NC (Metropolitan Statistical Area)",37051,"Cumberland, NC"
47260,"Virginia Beach-Norfolk-Newport News, VA-NC (Metropolitan Statistical Area)",37053,"Currituck, NC"
49180,"Winston-Salem, NC (Metropolitan Statistical Area)",37057,"Davidson, NC"
49180,"Winston-Salem, NC (Metropolitan Statistical Area)",37059,"Davie, NC"
20500,"Durham-Chapel Hill, NC (Metropolitan Statistical Area)",37063,"Durham, NC"
40580,"Rocky Mount, NC (Metropolitan Statistical Area)",37065,"Edgecombe, NC"
49180,"Winston-Salem, NC (Metropolitan Statistical Area)",37067,"Forsyth, NC"
39580,"Raleigh, NC (Metropolitan Statistical Area)",37069,"Franklin, NC"
16740,"Charlotte-Concord-Gastonia, NC-SC (Metropolitan Statistical Area)",37071,"Gaston, NC"
47260,"Virginia Beach-Norfolk-Newport News, VA-NC (Metropolitan Statistical Area)",37073,"Gates, NC"
24660,"Greensboro-High Point, NC (Metropolitan Statistical Area)",37081,"Guilford, NC"
11700,"Asheville, NC (Metropolitan Statistical Area)",37087,"Haywood, NC"
11700,"Asheville, NC (Metropolitan Statistical Area)",37089,"Henderson, NC"
22180,"Fayetteville, NC (Metropolitan Statistical Area)",37093,"Hoke, NC"
16740,"Charlotte-Concord-Gastonia, NC-SC (Metropolitan Statistical Area)",37097,"Iredell, NC"
39580,"Raleigh, NC (Metropolitan Statistical Area)",37101,"Johnston, NC"
35100,"New Bern, NC (Metropolitan Statistical Area)",37103,"Jones, NC"
16740,"Charlotte-Concord-Gastonia, NC-SC (Metropolitan Statistical Area)",37109,"Lincoln, NC"
11700,"Asheville, NC (Metropolitan Statistical Area)",37115,"Madison, NC"
16740,"Charlotte-Concord-Gastonia, NC-SC (Metropolitan Statistical Area)",37119,"Mecklenburg, NC"
40580,"Rocky Mount, NC (Metropolitan Statistical Area)",37127,"Nash, NC"
48900,"Wilmington, NC (Metropolitan Statistical Area)",37129,"New Hanover, NC"
27340,"Jacksonville, NC (Metropolitan Statistical Area)",37133,"Onslow, NC"
20500,"Durham-Chapel Hill, NC (Metropolitan Statistical Area)",37135,"Orange, NC"
35100,"New Bern, NC (Metropolitan Statistical Area)",37137,"Pamlico, NC"
48900,"Wilmington, NC (Metropolitan Statistical Area)",37141,"Pender, NC"
20500,"Durham-Chapel Hill, NC (Metropolitan Statistical Area)",37145,"Person, NC"
24780,"Greenville, NC (Metropolitan Statistical Area)",37147,"Pitt, NC"
24660,"Greensboro-High Point, NC (Metropolitan Statistical Area)",37151,"Randolph, NC"
24660,"Greensboro-High Point, NC (Metropolitan Statistical Area)",37157,"Rockingham, NC"
16740,"Charlotte-Concord-Gastonia, NC-SC (Metropolitan Statistical Area)",37159,"Rowan, NC"
49180,"Winston-Salem, NC (Metropolitan Statistical Area)",37169,"Stokes, NC"
16740,"Charlotte-Concord-Gastonia, NC-SC (Metropolitan Statistical Area)",37179,"Union, NC"
39580,"Raleigh, NC (Metropolitan Statistical Area)",37183,"Wake, NC"
24140,"Goldsboro, NC (Metropolitan Statistical Area)",37191,"Wayne, NC"
49180,"Winston-Salem, NC (Metropolitan Statistical Area)",37197,"Yadkin, NC"
13900,"Bismarck, ND (Metropolitan Statistical Area)",38015,"Burleigh, ND"
22020,"Fargo, ND-MN (Metropolitan Statistical Area)",38017,"Cass, ND"
24220,"Grand Forks, ND-MN (Metropolitan Statistical Area)",38035,"Grand Forks, ND"
13900,"Bismarck, ND (Metropolitan Statistical Area)",38059,"Morton, ND"
13900,"Bismarck, ND (Metropolitan Statistical Area)",38065,"Oliver, ND"
13900,"Bismarck, ND (Metropolitan Statistical Area)",38085,"Sioux, ND"
30620,"Lima, OH (Metropolitan Statistical Area)",39003,"Allen, OH"
48540,"Wheeling, WV-OH (Metropolitan Statistical Area)",39013,"Belmont, OH"
17140,"Cincinnati, OH-KY-IN (Metropolitan Statistical Area)",39015,"Brown, OH"
17140,"Cincinnati, OH-KY-IN (Metropolitan Statistical Area)",39017,"Butler, OH"
15940,"Canton-Massillon, OH (Metropolitan Statistical Area)",39019,"Carroll, OH"
44220,"Springfield, OH (Metropolitan Statistical Area)",39023,"Clark, OH"
17140,"Cincinnati, OH-KY-IN (Metropolitan Statistical Area)",39025,"Clermont, OH"
17460,"Cleveland-Elyria, OH (Metropolitan Statistical Area)",39035,"Cuyahoga, OH"
18140,"Columbus, OH (Metropolitan Statistical Area)",39041,"Delaware, OH"
18140,"Columbus, OH (Metropolitan Statistical Area)",39045,"Fairfield, OH"
18140,"Columbus, OH (Metropolitan Statistical Area)",39049,"Franklin, OH"
45780,"Toledo, OH (Metropolitan Statistical Area)",39051,"Fulton, OH"
17460,"Cleveland-Elyria, OH (Metropolitan Statistical Area)",39055,"Geauga, OH"
19380,"Dayton, OH (Metropolitan Statistical Area)",39057,"Greene, OH"
17140,"Cincinnati, OH-KY-IN (Metropolitan Statistical Area)",39061,"Hamilton, OH"
18140,"Columbus, OH (Metropolitan Statistical Area)",39073,"Hocking, OH"
48260,"Weirton-Steubenville, WV-OH (Metropolitan Statistical Area)",39081,"Jefferson, OH"
17460,"Cleveland-Elyria, OH (Metropolitan Statistical Area)",39085,"Lake, OH"
26580,"Huntington-Ashland, WV-KY-OH (Metropolitan Statistical Area)",39087,"Lawrence, OH"
18140,"Columbus, OH (Metropolitan Statistical Area)",39089,"Licking, OH"
17460,"Cleveland-Elyria, OH (Metropolitan Statistical Area)",39093,"Lorain, OH"
45780,"Toledo, OH (Metropolitan Statistical Area)",39095,"Lucas, OH"
18140,"Columbus, OH (Metropolitan Statistical Area)",39097,"Madison, OH"
49660,"Youngstown-Warren-Boardman, OH-PA (Metropolitan Statistical Area)",39099,"Mahoning, OH"
17460,"Cleveland-Elyria, OH (Metropolitan Statistical Area)",39103,"Medina, OH"
19380,"Dayton, OH (Metropolitan Statistical Area)",39109,"Miami, OH"
19380,"Dayton, OH (Metropolitan Statistical Area)",39113,"Montgomery, OH"
18140,"Columbus, OH (Metropolitan Statistical Area)",39117,"Morrow, OH"
18140,"Columbus, OH (Metropolitan Statistical Area)",39127,"Perry, OH"
18140,"Columbus, OH (Metropolitan Statistical Area)",39129,"Pickaway, OH"
10420,"Akron, OH (Metropolitan Statistical Area)",39133,"Portage, OH"
31900,"Mansfield, OH (Metropolitan Statistical Area)",39139,"Richland, OH"
15940,"Canton-Massillon, OH (Metropolitan Statistical Area)",39151,"Stark, OH"
10420,"Akron, OH (Metropolitan Statistical Area)",39153,"Summit, OH"
49660,"Youngstown-Warren-Boardman, OH-PA (Metropolitan Statistical Area)",39155,"Trumbull, OH"
18140,"Columbus, OH (Metropolitan Statistical Area)",39159,"Union, OH"
17140,"Cincinnati, OH-KY-IN (Metropolitan Statistical Area)",39165,"Warren, OH"
45780,"Toledo, OH (Metropolitan Statistical Area)",39173,"Wood, OH"
36420,"Oklahoma City, OK (Metropolitan Statistical Area)",40017,"Canadian, OK"
36420,"Oklahoma City, OK (Metropolitan Statistical Area)",40027,"Cleveland, OK"
30020,"Lawton, OK (Metropolitan Statistical Area)",40031,"Comanche, OK"
30020,"Lawton, OK (Metropolitan Statistical Area)",40033,"Cotton, OK"
46140,"Tulsa, OK (Metropolitan Statistical Area)",40037,"Creek, OK"
36420,"Oklahoma City, OK (Metropolitan Statistical Area)",40051,"Grady, OK"
22900,"Fort Smith, AR-OK (Metropolitan Statistical Area)",40079,"Le Flore, OK"
36420,"Oklahoma City, OK (Metropolitan Statistical Area)",40081,"Lincoln, OK"
36420,"Oklahoma City, OK (Metropolitan Statistical Area)",40083,"Logan, OK"
36420,"Oklahoma City, OK (Metropolitan Statistical Area)",40087,"McClain, OK"
36420,"Oklahoma City, OK (Metropolitan Statistical Area)",40109,"Oklahoma, OK"
46140,"Tulsa, OK (Metropolitan Statistical Area)",40111,"Okmulgee, OK"
46140,"Tulsa, OK (Metropolitan Statistical Area)",40113,"Osage, OK"
46140,"Tulsa, OK (Metropolitan Statistical Area)",40117,"Pawnee, OK"
46140,"Tulsa, OK (Metropolitan Statistical Area)",40131,"Rogers, OK"
22900,"Fort Smith, AR-OK (Metropolitan Statistical Area)",40135,"Sequoyah, OK"
46140,"Tulsa, OK (Metropolitan Statistical Area)",40143,"Tulsa, OK"
46140,"Tulsa, OK (Metropolitan Statistical Area)",40145,"Wagoner, OK"
18700,"Corvallis, OR (Metropolitan Statistical Area)",41003,"Benton, OR"
38900,"Portland-Vancouver-Hillsboro, OR-WA (Metropolitan Statistical Area)",41005,"Clackamas, OR"
38900,"Portland-Vancouver-Hillsboro, OR-WA (Metropolitan Statistical Area)",41009,"Columbia, OR"
13460,"Bend-Redmond, OR (Metropolitan Statistical Area)",41017,"Deschutes, OR"
32780,"Medford, OR (Metropolitan Statistical Area)",41029,"Jackson, OR"
24420,"Grants Pass, OR (Metropolitan Statistical Area)",41033,"Josephine, OR"
21660,"Eugene, OR (Metropolitan Statistical Area)",41039,"Lane, OR"
10540,"Albany, OR (Metropolitan Statistical Area)",41043,"Linn, OR"
41420,"Salem, OR (Metropolitan Statistical Area)",41047,"Marion, OR"
38900,"Portland-Vancouver-Hillsboro, OR-WA (Metropolitan Statistical Area)",41051,"Multnomah, OR"
41420,"Salem, OR (Metropolitan Statistical Area)",41053,"Polk, OR"
38900,"Portland-Vancouver-Hillsboro, OR-WA (Metropolitan Statistical Area)",41067,"Washington, OR"
38900,"Portland-Vancouver-Hillsboro, OR-WA (Metropolitan Statistical Area)",41071,"Yamhill, OR"
23900,"Gettysburg, PA (Metropolitan Statistical Area)",42001,"Adams, PA"
38300,"Pittsburgh, PA (Metropolitan Statistical Area)",42003,"Allegheny, PA"
38300,"Pittsburgh, PA (Metropolitan Statistical Area)",42005,"Armstrong, PA"
38300,"Pittsburgh, PA (Metropolitan Statistical Area)",42007,"Beaver, PA"
39740,"Reading, PA (Metropolitan Statistical Area)",42011,"Berks, PA"
11020,"Altoona, PA (Metropolitan Statistical Area)",42013,"Blair, PA"
37980,"Philadelphia-Camden-Wilmington, PA-NJ-DE-MD (Metropolitan Statistical Area)",42017,"Bucks, PA"
38300,"Pittsburgh, PA (Metropolitan Statistical Area)",42019,"Butler, PA"
27780,"Johnstown, PA (Metropolitan Statistical Area)",42021,"Cambria, PA"
10900,"Allentown-Bethlehem-Easton, PA-NJ (Metropolitan Statistical Area)",42025,"Carbon, PA"
44300,"State College, PA (Metropolitan Statistical Area)",42027,"Centre, PA"
37980,"Philadelphia-Camden-Wilmington, PA-NJ-DE-MD (Metropolitan Statistical Area)",42029,"Chester, PA"
14100,"Bloomsburg-Berwick, PA (Metropolitan Statistical Area)",42037,"Columbia, PA"
25420,"Harrisburg-Carlisle, PA (Metropolitan Statistical Area)",42041,"Cumberland, PA"
25420,"Harrisburg-Carlisle, PA (Metropolitan Statistical Area)",42043,"Dauphin, PA"
37980,"Philadelphia-Camden-Wilmington, PA-NJ-DE-MD (Metropolitan Statistical Area)",42045,"Delaware, PA"
21500,"Erie, PA (Metropolitan Statistical Area)",42049,"Erie, PA"
38300,"Pittsburgh, PA (Metropolitan Statistical Area)",42051,"Fayette, PA"
16540,"Chambersburg-Waynesboro, PA (Metropolitan Statistical Area)",42055,"Franklin, PA"
42540,"Scranton--Wilkes-Barre--Hazleton, PA (Metropolitan Statistical Area)",42069,"Lackawanna, PA"
29540,"Lancaster, PA (Metropolitan Statistical Area)",42071,"Lancaster, PA"
30140,"Lebanon, PA (Metropolitan Statistical Area)",42075,"Lebanon, PA"
10900,"Allentown-Bethlehem-Easton, PA-NJ (Metropolitan Statistical Area)",42077,"Lehigh, PA"
42540,"Scranton--Wilkes-Barre--Hazleton, PA (Metropolitan Statistical Area)",42079,"Luzerne, PA"
48700,"Williamsport, PA (Metropolitan Statistical Area)",42081,"Lycoming, PA"
49660,"Youngstown-Warren-Boardman, OH-PA (Metropolitan Statistical Area)",42085,"Mercer, PA"
20700,"East Stroudsburg, PA (Metropolitan Statistical Area)",42089,"Monroe, PA"
37980,"Philadelphia-Camden-Wilmington, PA-NJ-DE-MD (Metropolitan Statistical Area)",42091,"Montgomery, PA"
14100,"Bloomsburg-Berwick, PA (Metropolitan Statistical Area)",42093,"Montour, PA"
10900,"Allentown-Bethlehem-Easton, PA-NJ (Metropolitan Statistical Area)",42095,"Northampton, PA"
25420,"Harrisburg-Carlisle, PA (Metropolitan Statistical Area)",42099,"Perry, PA"
37980,"Philadelphia-Camden-Wilmington, PA-NJ-DE-MD (Metropolitan Statistical Area)",42101,"Philadelphia, PA"
35620,"New York-Newark-Jersey City, NY-NJ-PA (Metropolitan Statistical Area)",42103,"Pike, PA"
38300,"Pittsburgh, PA (Metropolitan Statistical Area)",42125,"Washington, PA"
38300,"Pittsburgh, PA (Metropolitan Statistical Area)",42129,"Westmoreland, PA"
42540,"Scranton--Wilkes-Barre--Hazleton, PA (Metropolitan Statistical Area)",42131,"Wyoming, PA"
49620,"York-Hanover, PA (Metropolitan Statistical Area)",42133,"York, PA"
39300,"Providence-Warwick, RI-MA (Metropolitan Statistical Area)",44001,"Bristol, RI"
39300,"Providence-Warwick, RI-MA (Metropolitan Statistical Area)",44003,"Kent, RI"
39300,"Providence-Warwick, RI-MA (Metropolitan Statistical Area)",44005,"Newport, RI"
39300,"Providence-Warwick, RI-MA (Metropolitan Statistical Area)",44007,"Providence, RI"
39300,"Providence-Warwick, RI-MA (Metropolitan Statistical Area)",44009,"Washington, RI"
12260,"Augusta-Richmond County, GA-SC (Metropolitan Statistical Area)",45003,"Aiken, SC"
24860,"Greenville-Anderson-Mauldin, SC (Metropolitan Statistical Area)",45007,"Anderson, SC"
25940,"Hilton Head Island-Bluffton-Beaufort, SC (Metropolitan Statistical Area)",45013,"Beaufort, SC"
16700,"Charleston-North Charleston, SC (Metropolitan Statistical Area)",45015,"Berkeley, SC"
17900,"Columbia, SC (Metropolitan Statistical Area)",45017,"Calhoun, SC"
16700,"Charleston-North Charleston, SC (Metropolitan Statistical Area)",45019,"Charleston, SC"
16740,"Charlotte-Concord-Gastonia, NC-SC (Metropolitan Statistical Area)",45023,"Chester, SC"
22500,"Florence, SC (Metropolitan Statistical Area)",45031,"Darlington, SC"
16700,"Charleston-North Charleston, SC (Metropolitan Statistical Area)",45035,"Dorchester, SC"
12260,"Augusta-Richmond County, GA-SC (Metropolitan Statistical Area)",45037,"Edgefield, SC"
17900,"Columbia, SC (Metropolitan Statistical Area)",45039,"Fairfield, SC"
22500,"Florence, SC (Metropolitan Statistical Area)",45041,"Florence, SC"
24860,"Greenville-Anderson-Mauldin, SC (Metropolitan Statistical Area)",45045,"Greenville, SC"
34820,"Myrtle Beach-Conway-North Myrtle Beach, SC-NC (Metropolitan Statistical Area)",45051,"Horry, SC"
25940,"Hilton Head Island-Bluffton-Beaufort, SC (Metropolitan Statistical Area)",45053,"Jasper, SC"
17900,"Columbia, SC (Metropolitan Statistical Area)",45055,"Kershaw, SC"
16740,"Charlotte-Concord-Gastonia, NC-SC (Metropolitan Statistical Area)",45057,"Lancaster, SC"
24860,"Greenville-Anderson-Mauldin, SC (Metropolitan Statistical Area)",45059,"Laurens, SC"
17900,"Columbia, SC (Metropolitan Statistical Area)",45063,"Lexington, SC"
24860,"Greenville-Anderson-Mauldin, SC (Metropolitan Statistical Area)",45077,"Pickens, SC"
17900,"Columbia, SC (Metropolitan Statistical Area)",45079,"Richland, SC"
17900,"Columbia, SC (Metropolitan Statistical Area)",45081,"Saluda, SC"
43900,"Spartanburg, SC (Metropolitan Statistical Area)",45083,"Spartanburg, SC"
44940,"Sumter, SC (Metropolitan Statistical Area)",45085,"Sumter, SC"
43900,"Spartanburg, SC (Metropolitan Statistical Area)",45087,"Union, SC"
16740,"Charlotte-Concord-Gastonia, NC-SC (Metropolitan Statistical Area)",45091,"York, SC"
39660,"Rapid City, SD (Metropolitan Statistical Area)",46033,"Custer, SD"
43620,"Sioux Falls, SD (Metropolitan Statistical Area)",46083,"Lincoln, SD"
43620,"Sioux Falls, SD (Metropolitan Statistical Area)",46087,"McCook, SD"
39660,"Rapid City, SD (Metropolitan Statistical Area)",46093,"Meade, SD"
43620,"Sioux Falls, SD (Metropolitan Statistical Area)",46099,"Minnehaha, SD"
39660,"Rapid City, SD (Metropolitan Statistical Area)",46103,"Pennington, SD"
43620,"Sioux Falls, SD (Metropolitan Statistical Area)",46125,"Turner, SD"
43580,"Sioux City, IA-NE-SD (Metropolitan Statistical Area)",46127,"Union, SD"
28940,"Knoxville, TN (Metropolitan Statistical Area)",47001,"Anderson, TN"
28940,"Knoxville, TN (Metropolitan Statistical Area)",47009,"Blount, TN"
17420,"Cleveland, TN (Metropolitan Statistical Area)",47011,"Bradley, TN"
28940,"Knoxville, TN (Metropolitan Statistical Area)",47013,"Campbell, TN"
34980,"Nashville-Davidson--Murfreesboro--Franklin, TN (Metropolitan Statistical Area)",47015,"Cannon, TN"
27740,"Johnson City, TN (Metropolitan Statistical Area)",47019,"Carter, TN"
34980,"Nashville-Davidson--Murfreesboro--Franklin, TN (Metropolitan Statistical Area)",47021,"Cheatham, TN"
27180,"Jackson, TN (Metropolitan Statistical Area)",47023,"Chester, TN"
27180,"Jackson, TN (Metropolitan Statistical Area)",47033,"Crockett, TN"
34980,"Nashville-Davidson--Murfreesboro--Franklin, TN (Metropolitan Statistical Area)",47037,"Davidson, TN"
34980,"Nashville-Davidson--Murfreesboro--Franklin, TN (Metropolitan Statistical Area)",47043,"Dickson, TN"
32820,"Memphis, TN-MS-AR (Metropolitan Statistical Area)",47047,"Fayette, TN"
28940,"Knoxville, TN (Metropolitan Statistical Area)",47057,"Grainger, TN"
34100,"Morristown, TN (Metropolitan Statistical Area)",47063,"Hamblen, TN"
16860,"Chattanooga, TN-GA (Metropolitan Statistical Area)",47065,"Hamilton, TN"
28700,"Kingsport-Bristol-Bristol, TN-VA (Metropolitan Statistical Area)",47073,"Hawkins, TN"
34980,"Nashville-Davidson--Murfreesboro--Franklin, TN (Metropolitan Statistical Area)",47081,"Hickman, TN"
34100,"Morristown, TN (Metropolitan Statistical Area)",47089,"Jefferson, TN"
28940,"Knoxville, TN (Metropolitan Statistical Area)",47093,"Knox, TN"
28940,"Knoxville, TN (Metropolitan Statistical Area)",47105,"Loudon, TN"
34980,"Nashville-Davidson--Murfreesboro--Franklin, TN (Metropolitan Statistical Area)",47111,"Macon, TN"
27180,"Jackson, TN (Metropolitan Statistical Area)",47113,"Madison, TN"
16860,"Chattanooga, TN-GA (Metropolitan Statistical Area)",47115,"Marion, TN"
34980,"Nashville-Davidson--Murfreesboro--Franklin, TN (Metropolitan Statistical Area)",47119,"Maury, TN"
17300,"Clarksville, TN-KY (Metropolitan Statistical Area)",47125,"Montgomery, TN"
28940,"Knoxville, TN (Metropolitan Statistical Area)",47129,"Morgan, TN"
17420,"Cleveland, TN (Metropolitan Statistical Area)",47139,"Polk, TN"
28940,"Knoxville, TN (Metropolitan Statistical Area)",47145,"Roane, TN"
34980,"Nashville-Davidson--Murfreesboro--Franklin, TN (Metropolitan Statistical Area)",47147,"Robertson, TN"
34980,"Nashville-Davidson--Murfreesboro--Franklin, TN (Metropolitan Statistical Area)",47149,"Rutherford, TN"
16860,"Chattanooga, TN-GA (Metropolitan Statistical Area)",47153,"Sequatchie, TN"
32820,"Memphis, TN-MS-AR (Metropolitan Statistical Area)",47157,"Shelby, TN"
34980,"Nashville-Davidson--Murfreesboro--Franklin, TN (Metropolitan Statistical Area)",47159,"Smith, TN"
28700,"Kingsport-Bristol-Bristol, TN-VA (Metropolitan Statistical Area)",47163,"Sullivan, TN"
34980,"Nashville-Davidson--Murfreesboro--Franklin, TN (Metropolitan Statistical Area)",47165,"Sumner, TN"
32820,"Memphis, TN-MS-AR (Metropolitan Statistical Area)",47167,"Tipton, TN"
34980,"Nashville-Davidson--Murfreesboro--Franklin, TN (Metropolitan Statistical Area)",47169,"Trousdale, TN"
27740,"Johnson City, TN (Metropolitan Statistical Area)",47171,"Unicoi, TN"
28940,"Knoxville, TN (Metropolitan Statistical Area)",47173,"Union, TN"
27740,"Johnson City, TN (Metropolitan Statistical Area)",47179,"Washington, TN"
34980,"Nashville-Davidson--Murfreesboro--Franklin, TN (Metropolitan Statistical Area)",47187,"Williamson, TN"
34980,"Nashville-Davidson--Murfreesboro--Franklin, TN (Metropolitan Statistical Area)",47189,"Wilson, TN"
18580,"Corpus Christi, TX (Metropolitan Statistical Area)",48007,"Aransas, TX"
48660,"Wichita Falls, TX (Metropolitan Statistical Area)",48009,"Archer, TX"
11100,"Amarillo, TX (Metropolitan Statistical Area)",48011,"Armstrong, TX"
41700,"San Antonio-New Braunfels, TX (Metropolitan Statistical Area)",48013,"Atascosa, TX"
26420,"Houston-The Woodlands-Sugar Land, TX (Metropolitan Statistical Area)",48015,"Austin, TX"
41700,"San Antonio-New Braunfels, TX (Metropolitan Statistical Area)",48019,"Bandera, TX"
12420,"Austin-Round Rock, TX (Metropolitan Statistical Area)",48021,"Bastrop, TX"
28660,"Killeen-Temple, TX (Metropolitan Statistical Area)",48027,"Bell, TX"
41700,"San Antonio-New Braunfels, TX (Metropolitan Statistical Area)",48029,"Bexar, TX"
45500,"Texarkana, TX-AR (Metropolitan Statistical Area)",48037,"Bowie, TX"
26420,"Houston-The Woodlands-Sugar Land, TX (Metropolitan Statistical Area)",48039,"Brazoria, TX"
17780,"College Station-Bryan, TX (Metropolitan Statistical Area)",48041,"Brazos, TX"
17780,"College Station-Bryan, TX (Metropolitan Statistical Area)",48051,"Burleson, TX"
12420,"Austin-Round Rock, TX (Metropolitan Statistical Area)",48055,"Caldwell, TX"
10180,"Abilene, TX (Metropolitan Statistical Area)",48059,"Callahan, TX"
15180,"Brownsville-Harlingen, TX (Metropolitan Statistical Area)",48061,"Cameron, TX"
11100,"Amarillo, TX (Metropolitan Statistical Area)",48065,"Carson, TX"
26420,"Houston-The Woodlands-Sugar Land, TX (Metropolitan Statistical Area)",48071,"Chambers, TX"
48660,"Wichita Falls, TX (Metropolitan Statistical Area)",48077,"Clay, TX"
19100,"Dallas-Fort Worth-Arlington, TX (Metropolitan Statistical Area)",48085,"Collin, TX"
41700,"San Antonio-New Braunfels, TX (Metropolitan Statistical Area)",48091,"Comal, TX"
28660,"Killeen-Temple, TX (Metropolitan Statistical Area)",48099,"Coryell, TX"
31180,"Lubbock, TX (Metropolitan Statistical Area)",48107,"Crosby, TX"
19100,"Dallas-Fort Worth-Arlington, TX (Metropolitan Statistical Area)",48113,"Dallas, TX"
19100,"Dallas-Fort Worth-Arlington, TX (Metropolitan Statistical Area)",48121,"Denton, TX"
36220,"Odessa, TX (Metropolitan Statistical Area)",48135,"Ector, TX"
19100,"Dallas-Fort Worth-Arlington, TX (Metropolitan Statistical Area)",48139,"Ellis, TX"
21340,"El Paso, TX (Metropolitan Statistical Area)",48141,"El Paso, TX"
47380,"Waco, TX (Metropolitan Statistical Area)",48145,"Falls, TX"
26420,"Houston-The Woodlands-Sugar Land, TX (Metropolitan Statistical Area)",48157,"Fort Bend, TX"
26420,"Houston-The Woodlands-Sugar Land, TX (Metropolitan Statistical Area)",48167,"Galveston, TX"
47020,"Victoria, TX (Metropolitan Statistical Area)",48175,"Goliad, TX"
43300,"Sherman-Denison, TX (Metropolitan Statistical Area)",48181,"Grayson, TX"
30980,"Longview, TX (Metropolitan Statistical Area)",48183,"Gregg, TX"
41700,"San Antonio-New Braunfels, TX (Metropolitan Statistical Area)",48187,"Guadalupe, TX"
13140,"Beaumont-Port Arthur, TX (Metropolitan Statistical Area)",48199,"Hardin, TX"
26420,"Houston-The Woodlands-Sugar Land, TX (Metropolitan Statistical Area)",48201,"Harris, TX"
12420,"Austin-Round Rock, TX (Metropolitan Statistical Area)",48209,"Hays, TX"
32580,"McAllen-Edinburg-Mission, TX (Metropolitan Statistical Area)",48215,"Hidalgo, TX"
19100,"Dallas-Fort Worth-Arlington, TX (Metropolitan Statistical Area)",48221,"Hood, TX"
21340,"El Paso, TX (Metropolitan Statistical Area)",48229,"Hudspeth, TX"
19100,"Dallas-Fort Worth-Arlington, TX (Metropolitan Statistical Area)",48231,"Hunt, TX"
41660,"San Angelo, TX (Metropolitan Statistical Area)",48235,"Irion, TX"
13140,"Beaumont-Port Arthur, TX (Metropolitan Statistical Area)",48245,"Jefferson, TX"
19100,"Dallas-Fort Worth-Arlington, TX (Metropolitan Statistical Area)",48251,"Johnson, TX"
10180,"Abilene, TX (Metropolitan Statistical Area)",48253,"Jones, TX"
19100,"Dallas-Fort Worth-Arlington, TX (Metropolitan Statistical Area)",48257,"Kaufman, TX"
41700,"San Antonio-New Braunfels, TX (Metropolitan Statistical Area)",48259,"Kendall, TX"
28660,"Killeen-Temple, TX (Metropolitan Statistical Area)",48281,"Lampasas, TX"
26420,"Houston-The Woodlands-Sugar Land, TX (Metropolitan Statistical Area)",48291,"Liberty, TX"
31180,"Lubbock, TX (Metropolitan Statistical Area)",48303,"Lubbock, TX"
31180,"Lubbock, TX (Metropolitan Statistical Area)",48305,"Lynn, TX"
47380,"Waco, TX (Metropolitan Statistical Area)",48309,"McLennan, TX"
33260,"Midland, TX (Metropolitan Statistical Area)",48317,"Martin, TX"
41700,"San Antonio-New Braunfels, TX (Metropolitan Statistical Area)",48325,"Medina, TX"
33260,"Midland, TX (Metropolitan Statistical Area)",48329,"Midland, TX"
26420,"Houston-The Woodlands-Sugar Land, TX (Metropolitan Statistical Area)",48339,"Montgomery, TX"
13140,"Beaumont-Port Arthur, TX (Metropolitan Statistical Area)",48351,"Newton, TX"
18580,"Corpus Christi, TX (Metropolitan Statistical Area)",48355,"Nueces, TX"
11100,"Amarillo, TX (Metropolitan Statistical Area)",48359,"Oldham, TX"
13140,"Beaumont-Port Arthur, TX (Metropolitan Statistical Area)",48361,"Orange, TX"
19100,"Dallas-Fort Worth-Arlington, TX (Metropolitan Statistical Area)",48367,"Parker, TX"
11100,"Amarillo, TX (Metropolitan Statistical Area)",48375,"Potter, TX"
11100,"Amarillo, TX (Metropolitan Statistical Area)",48381,"Randall, TX"
17780,"College Station-Bryan, TX (Metropolitan Statistical Area)",48395,"Robertson, TX"
19100,"Dallas-Fort Worth-Arlington, TX (Metropolitan Statistical Area)",48397,"Rockwall, TX"
30980,"Longview, TX (Metropolitan Statistical Area)",48401,"Rusk, TX"
18580,"Corpus Christi, TX (Metropolitan Statistical Area)",48409,"San Patricio, TX"
46340,"Tyler, TX (Metropolitan Statistical Area)",48423,"Smith, TX"
19100,"Dallas-Fort Worth-Arlington, TX (Metropolitan Statistical Area)",48425,"Somervell, TX"
19100,"Dallas-Fort Worth-Arlington, TX (Metropolitan Statistical Area)",48439,"Tarrant, TX"
10180,"Abilene, TX (Metropolitan Statistical Area)",48441,"Taylor, TX"
41660,"San Angelo, TX (Metropolitan Statistical Area)",48451,"Tom Green, TX"
12420,"Austin-Round Rock, TX (Metropolitan Statistical Area)",48453,"Travis, TX"
30980,"Longview, TX (Metropolitan Statistical Area)",48459,"Upshur, TX"
47020,"Victoria, TX (Metropolitan Statistical Area)",48469,"Victoria, TX"
26420,"Houston-The Woodlands-Sugar Land, TX (Metropolitan Statistical Area)",48473,"Waller, TX"
29700,"Laredo, TX (Metropolitan Statistical Area)",48479,"Webb, TX"
48660,"Wichita Falls, TX (Metropolitan Statistical Area)",48485,"Wichita, TX"
12420,"Austin-Round Rock, TX (Metropolitan Statistical Area)",48491,"Williamson, TX"
41700,"San Antonio-New Braunfels, TX (Metropolitan Statistical Area)",48493,"Wilson, TX"
19100,"Dallas-Fort Worth-Arlington, TX (Metropolitan Statistical Area)",48497,"Wise, TX"
36260,"Ogden-Clearfield, UT (Metropolitan Statistical Area)",49003,"Box Elder, UT"
30860,"Logan, UT-ID (Metropolitan Statistical Area)",49005,"Cache, UT"
36260,"Ogden-Clearfield, UT (Metropolitan Statistical Area)",49011,"Davis, UT"
39340,"Provo-Orem, UT (Metropolitan Statistical Area)",49023,"Juab, UT"
36260,"Ogden-Clearfield, UT (Metropolitan Statistical Area)",49029,"Morgan, UT"
41620,"Salt Lake City, UT (Metropolitan Statistical Area)",49035,"Salt Lake, UT"
41620,"Salt Lake City, UT (Metropolitan Statistical Area)",49045,"Tooele, UT"
39340,"Provo-Orem, UT (Metropolitan Statistical Area)",49049,"Utah, UT"
41100,"St. George, UT (Metropolitan Statistical Area)",49053,"Washington, UT"
36260,"Ogden-Clearfield, UT (Metropolitan Statistical Area)",49057,"Weber, UT"
15540,"Burlington-South Burlington, VT (Metropolitan Statistical Area)",50007,"Chittenden, VT"
15540,"Burlington-South Burlington, VT (Metropolitan Statistical Area)",50011,"Franklin, VT"
15540,"Burlington-South Burlington, VT (Metropolitan Statistical Area)",50013,"Grand Isle, VT"
40060,"Richmond, VA (Metropolitan Statistical Area)",51007,"Amelia, VA"
31340,"Lynchburg, VA (Metropolitan Statistical Area)",51009,"Amherst, VA"
31340,"Lynchburg, VA (Metropolitan Statistical Area)",51011,"Appomattox, VA"
47900,"Washington-Arlington-Alexandria, DC-VA-MD-WV (Metropolitan Statistical Area)",51013,"Arlington, VA"
40220,"Roanoke, VA (Metropolitan Statistical Area)",51023,"Botetourt, VA"
16820,"Charlottesville, VA (Metropolitan Statistical Area)",51029,"Buckingham, VA"
40060,"Richmond, VA (Metropolitan Statistical Area)",51033,"Caroline, VA"
40060,"Richmond, VA (Metropolitan Statistical Area)",51036,"Charles City, VA"
40060,"Richmond, VA (Metropolitan Statistical Area)",51041,"Chesterfield, VA"
47900,"Washington-Arlington-Alexandria, DC-VA-MD-WV (Metropolitan Statistical Area)",51043,"Clarke, VA"
40220,"Roanoke, VA (Metropolitan Statistical Area)",51045,"Craig, VA"
47900,"Washington-Arlington-Alexandria, DC-VA-MD-WV (Metropolitan Statistical Area)",51047,"Culpeper, VA"
47900,"Washington-Arlington-Alexandria, DC-VA-MD-WV (Metropolitan Statistical Area)",51061,"Fauquier, VA"
13980,"Blacksburg-Christiansburg-Radford, VA (Metropolitan Statistical Area)",51063,"Floyd, VA"
16820,"Charlottesville, VA (Metropolitan Statistical Area)",51065,"Fluvanna, VA"
40220,"Roanoke, VA (Metropolitan Statistical Area)",51067,"Franklin, VA"
13980,"Blacksburg-Christiansburg-Radford, VA (Metropolitan Statistical Area)",51071,"Giles, VA"
47260,"Virginia Beach-Norfolk-Newport News, VA-NC (Metropolitan Statistical Area)",51073,"Gloucester, VA"
40060,"Richmond, VA (Metropolitan Statistical Area)",51075,"Goochland, VA"
16820,"Charlottesville, VA (Metropolitan Statistical Area)",51079,"Greene, VA"
40060,"Richmond, VA (Metropolitan Statistical Area)",51085,"Hanover, VA"
40060,"Richmond, VA (Metropolitan Statistical Area)",51087,"Henrico, VA"
47260,"Virginia Beach-Norfolk-Newport News, VA-NC (Metropolitan Statistical Area)",51093,"Isle of Wight, VA"
40060,"Richmond, VA (Metropolitan Statistical Area)",51101,"King William, VA"
47900,"Washington-Arlington-Alexandria, DC-VA-MD-WV (Metropolitan Statistical Area)",51107,"Loudoun, VA"
47260,"Virginia Beach-Norfolk-Newport News, VA-NC (Metropolitan Statistical Area)",51115,"Mathews, VA"
16820,"Charlottesville, VA (Metropolitan Statistical Area)",51125,"Nelson, VA"
40060,"Richmond, VA (Metropolitan Statistical Area)",51127,"New Kent, VA"
40060,"Richmond, VA (Metropolitan Statistical Area)",51145,"Powhatan, VA"
13980,"Blacksburg-Christiansburg-Radford, VA (Metropolitan Statistical Area)",51155,"Pulaski, VA"
47900,"Washington-Arlington-Alexandria, DC-VA-MD-WV (Metropolitan Statistical Area)",51157,"Rappahannock, VA"
28700,"Kingsport-Bristol-Bristol, TN-VA (Metropolitan Statistical Area)",51169,"Scott, VA"
47900,"Washington-Arlington-Alexandria, DC-VA-MD-WV (Metropolitan Statistical Area)",51179,"Stafford, VA"
40060,"Richmond, VA (Metropolitan Statistical Area)",51183,"Sussex, VA"
47900,"Washington-Arlington-Alexandria, DC-VA-MD-WV (Metropolitan Statistical Area)",51187,"Warren, VA"
47900,"Washington-Arlington-Alexandria, DC-VA-MD-WV (Metropolitan Statistical Area)",51510,"Alexandria (Independent City), VA"
47260,"Virginia Beach-Norfolk-Newport News, VA-NC (Metropolitan Statistical Area)",51550,"Chesapeake (Independent City), VA"
47260,"Virginia Beach-Norfolk-Newport News, VA-NC (Metropolitan Statistical Area)",51650,"Hampton (Independent City), VA"
47260,"Virginia Beach-Norfolk-Newport News, VA-NC (Metropolitan Statistical Area)",51700,"Newport News (Independent City), VA"
47260,"Virginia Beach-Norfolk-Newport News, VA-NC (Metropolitan Statistical Area)",51710,"Norfolk (Independent City), VA"
47260,"Virginia Beach-Norfolk-Newport News, VA-NC (Metropolitan Statistical Area)",51740,"Portsmouth (Independent City), VA"
40060,"Richmond, VA (Metropolitan Statistical Area)",51760,"Richmond (Independent City), VA"
40220,"Roanoke, VA (Metropolitan Statistical Area)",51770,"Roanoke (Independent City), VA"
47260,"Virginia Beach-Norfolk-Newport News, VA-NC (Metropolitan Statistical Area)",51800,"Suffolk (Independent City), VA"
47260,"Virginia Beach-Norfolk-Newport News, VA-NC (Metropolitan Statistical Area)",51810,"Virginia Beach (Independent City), VA"
16820,"Charlottesville, VA (Metropolitan Statistical Area)",51901,"Albemarle + Charlottesville, VA"
44420,"Staunton-Waynesboro, VA (Metropolitan Statistical Area)",51907,"Augusta, Staunton + Waynesboro, VA"
31340,"Lynchburg, VA (Metropolitan Statistical Area)",51909,"Bedford + Bedford City, VA"
31340,"Lynchburg, VA (Metropolitan Statistical Area)",51911,"Campbell + Lynchburg, VA"
40060,"Richmond, VA (Metropolitan Statistical Area)",51918,"Dinwiddie, Colonial Heights + Petersburg, VA"
47900,"Washington-Arlington-Alexandria, DC-VA-MD-WV (Metropolitan Statistical Area)",51919,"Fairfax, Fairfax City + Falls Church, VA"
49020,"Winchester, VA-WV (Metropolitan Statistical Area)",51921,"Frederick + Winchester, VA"
47260,"Virginia Beach-Norfolk-Newport News, VA-NC (Metropolitan Statistical Area)",51931,"James City + Williamsburg, VA"
13980,"Blacksburg-Christiansburg-Radford, VA (Metropolitan Statistical Area)",51933,"Montgomery + Radford, VA"
40060,"Richmond, VA (Metropolitan Statistical Area)",51941,"Prince George + Hopewell, VA"
47900,"Washington-Arlington-Alexandria, DC-VA-MD-WV (Metropolitan Statistical Area)",51942,"Prince William, Manassas + Manassas Park, VA"
40220,"Roanoke, VA (Metropolitan Statistical Area)",51944,"Roanoke + Salem, VA"
25500,"Harrisonburg, VA (Metropolitan Statistical Area)",51947,"Rockingham + Harrisonburg, VA"
47900,"Washington-Arlington-Alexandria, DC-VA-MD-WV (Metropolitan Statistical Area)",51951,"Spotsylvania + Fredericksburg, VA"
28700,"Kingsport-Bristol-Bristol, TN-VA (Metropolitan Statistical Area)",51953,"Washington + Bristol, VA"
47260,"Virginia Beach-Norfolk-Newport News, VA-NC (Metropolitan Statistical Area)",51958,"York + Poquoson, VA"
30300,"Lewiston, ID-WA (Metropolitan Statistical Area)",53003,"Asotin, WA"
28420,"Kennewick-Richland, WA (Metropolitan Statistical Area)",53005,"Benton, WA"
48300,"Wenatchee, WA (Metropolitan Statistical Area)",53007,"Chelan, WA"
38900,"Portland-Vancouver-Hillsboro, OR-WA (Metropolitan Statistical Area)",53011,"Clark, WA"
47460,"Walla Walla, WA (Metropolitan Statistical Area)",53013,"Columbia, WA"
31020,"Longview, WA (Metropolitan Statistical Area)",53015,"Cowlitz, WA"
48300,"Wenatchee, WA (Metropolitan Statistical Area)",53017,"Douglas, WA"
28420,"Kennewick-Richland, WA (Metropolitan Statistical Area)",53021,"Franklin, WA"
42660,"Seattle-Tacoma-Bellevue, WA (Metropolitan Statistical Area)",53033,"King, WA"
14740,"Bremerton-Silverdale, WA (Metropolitan Statistical Area)",53035,"Kitsap, WA"
44060,"Spokane-Spokane Valley, WA (Metropolitan Statistical Area)",53051,"Pend Oreille, WA"
42660,"Seattle-Tacoma-Bellevue, WA (Metropolitan Statistical Area)",53053,"Pierce, WA"
34580,"Mount Vernon-Anacortes, WA (Metropolitan Statistical Area)",53057,"Skagit, WA"
38900,"Portland-Vancouver-Hillsboro, OR-WA (Metropolitan Statistical Area)",53059,"Skamania, WA"
42660,"Seattle-Tacoma-Bellevue, WA (Metropolitan Statistical Area)",53061,"Snohomish, WA"
44060,"Spokane-Spokane Valley, WA (Metropolitan Statistical Area)",53063,"Spokane, WA"
44060,"Spokane-Spokane Valley, WA (Metropolitan Statistical Area)",53065,"Stevens, WA"
36500,"Olympia-Tumwater, WA (Metropolitan Statistical Area)",53067,"Thurston, WA"
47460,"Walla Walla, WA (Metropolitan Statistical Area)",53071,"Walla Walla, WA"
13380,"Bellingham, WA (Metropolitan Statistical Area)",53073,"Whatcom, WA"
49420,"Yakima, WA (Metropolitan Statistical Area)",53077,"Yakima, WA"
25180,"Hagerstown-Martinsburg, MD-WV (Metropolitan Statistical Area)",54003,"Berkeley, WV"
16620,"Charleston, WV (Metropolitan Statistical Area)",54005,"Boone, WV"
48260,"Weirton-Steubenville, WV-OH (Metropolitan Statistical Area)",54009,"Brooke, WV"
26580,"Huntington-Ashland, WV-KY-OH (Metropolitan Statistical Area)",54011,"Cabell, WV"
16620,"Charleston, WV (Metropolitan Statistical Area)",54015,"Clay, WV"
13220,"Beckley, WV (Metropolitan Statistical Area)",54019,"Fayette, WV"
49020,"Winchester, VA-WV (Metropolitan Statistical Area)",54027,"Hampshire, WV"
48260,"Weirton-Steubenville, WV-OH (Metropolitan Statistical Area)",54029,"Hancock, WV"
47900,"Washington-Arlington-Alexandria, DC-VA-MD-WV (Metropolitan Statistical Area)",54037,"Jefferson, WV"
16620,"Charleston, WV (Metropolitan Statistical Area)",54039,"Kanawha, WV"
26580,"Huntington-Ashland, WV-KY-OH (Metropolitan Statistical Area)",54043,"Lincoln, WV"
48540,"Wheeling, WV-OH (Metropolitan Statistical Area)",54051,"Marshall, WV"
19060,"Cumberland, MD-WV (Metropolitan Statistical Area)",54057,"Mineral, WV"
34060,"Morgantown, WV (Metropolitan Statistical Area)",54061,"Monongalia, WV"
48540,"Wheeling, WV-OH (Metropolitan Statistical Area)",54069,"Ohio, WV"
34060,"Morgantown, WV (Metropolitan Statistical Area)",54077,"Preston, WV"
26580,"Huntington-Ashland, WV-KY-OH (Metropolitan Statistical Area)",54079,"Putnam, WV"
13220,"Beckley, WV (Metropolitan Statistical Area)",54081,"Raleigh, WV"
26580,"Huntington-Ashland, WV-KY-OH (Metropolitan Statistical Area)",54099,"Wayne, WV"
37620,"Parkersburg-Vienna, WV (Metropolitan Statistical Area)",54105,"Wirt, WV"
37620,"Parkersburg-Vienna, WV (Metropolitan Statistical Area)",54107,"Wood, WV"
24580,"Green Bay, WI (Metropolitan Statistical Area)",55009,"Brown, WI"
11540,"Appleton, WI (Metropolitan Statistical Area)",55015,"Calumet, WI"
20740,"Eau Claire, WI (Metropolitan Statistical Area)",55017,"Chippewa, WI"
31540,"Madison, WI (Metropolitan Statistical Area)",55021,"Columbia, WI"
31540,"Madison, WI (Metropolitan Statistical Area)",55025,"Dane, WI"
20260,"Duluth, MN-WI (Metropolitan Statistical Area)",55031,"Douglas, WI"
20740,"Eau Claire, WI (Metropolitan Statistical Area)",55035,"Eau Claire, WI"
22540,"Fond du Lac, WI (Metropolitan Statistical Area)",55039,"Fond du Lac, WI"
31540,"Madison, WI (Metropolitan Statistical Area)",55045,"Green, WI"
31540,"Madison, WI (Metropolitan Statistical Area)",55049,"Iowa, WI"
16980,"Chicago-Naperville-Elgin, IL-IN-WI (Metropolitan Statistical Area)",55059,"Kenosha, WI"
24580,"Green Bay, WI (Metropolitan Statistical Area)",55061,"Kewaunee, WI"
29100,"La Crosse-Onalaska, WI-MN (Metropolitan Statistical Area)",55063,"La Crosse, WI"
48140,"Wausau, WI (Metropolitan Statistical Area)",55073,"Marathon, WI"
33340,"Milwaukee-Waukesha-West Allis, WI (Metropolitan Statistical Area)",55079,"Milwaukee, WI"
24580,"Green Bay, WI (Metropolitan Statistical Area)",55083,"Oconto, WI"
11540,"Appleton, WI (Metropolitan Statistical Area)",55087,"Outagamie, WI"
33340,"Milwaukee-Waukesha-West Allis, WI (Metropolitan Statistical Area)",55089,"Ozaukee, WI"
33460,"Minneapolis-St. Paul-Bloomington, MN-WI (Metropolitan Statistical Area)",55093,"Pierce, WI"
39540,"Racine, WI (Metropolitan Statistical Area)",55101,"Racine, WI"
27500,"Janesville-Beloit, WI (Metropolitan Statistical Area)",55105,"Rock, WI"
33460,"Minneapolis-St. Paul-Bloomington, MN-WI (Metropolitan Statistical Area)",55109,"St. Croix, WI"
43100,"Sheboygan, WI (Metropolitan Statistical Area)",55117,"Sheboygan, WI"
33340,"Milwaukee-Waukesha-West Allis, WI (Metropolitan Statistical Area)",55131,"Washington, WI"
33340,"Milwaukee-Waukesha-West Allis, WI (Metropolitan Statistical Area)",55133,"Waukesha, WI"
36780,"Oshkosh-Neenah, WI (Metropolitan Statistical Area)",55139,"Winnebago, WI"
16940,"Cheyenne, WY (Metropolitan Statistical Area)",56021,"Laramie, WY"
16220,"Casper, WY (Metropolitan Statistical Area)",56025,"Natrona, WY"
